[0.114s] DEBUG:colcon:Command line arguments: ['/usr/bin/colcon', 'build']
[0.114s] DEBUG:colcon:Parsed command line arguments: Namespace(log_base=None, log_level=None, verb_name='build', build_base='build', install_base='install', merge_install=False, symlink_install=False, test_result_base=None, continue_on_error=False, executor='parallel', parallel_workers=12, event_handlers=None, ignore_user_meta=False, metas=['./colcon.meta'], base_paths=['.'], packages_ignore=None, packages_ignore_regex=None, paths=None, packages_up_to=None, packages_up_to_regex=None, packages_above=None, packages_above_and_dependencies=None, packages_above_depth=None, packages_select_by_dep=None, packages_skip_by_dep=None, packages_skip_up_to=None, packages_select_build_failed=False, packages_skip_build_finished=False, packages_select_test_failures=False, packages_skip_test_passed=False, packages_select=None, packages_skip=None, packages_select_regex=None, packages_skip_regex=None, packages_start=None, packages_end=None, allow_overriding=[], cmake_args=None, cmake_target=None, cmake_target_skip_unavailable=False, cmake_clean_cache=False, cmake_clean_first=False, cmake_force_configure=False, ament_cmake_args=None, catkin_cmake_args=None, catkin_skip_building_tests=False, mixin_files=None, mixin=None, verb_parser=<colcon_mixin.mixin.mixin_argument.MixinArgumentDecorator object at 0x79e156804340>, verb_extension=<colcon_core.verb.build.BuildVerb object at 0x79e1567cfd30>, main=<bound method BuildVerb.main of <colcon_core.verb.build.BuildVerb object at 0x79e1567cfd30>>, mixin_verb=('build',))
[0.320s] Level 1:colcon.colcon_core.package_discovery:discover_packages(colcon_meta) check parameters
[0.320s] Level 1:colcon.colcon_core.package_discovery:discover_packages(recursive) check parameters
[0.320s] Level 1:colcon.colcon_core.package_discovery:discover_packages(ignore) check parameters
[0.320s] Level 1:colcon.colcon_core.package_discovery:discover_packages(path) check parameters
[0.320s] Level 1:colcon.colcon_core.package_discovery:discover_packages(colcon_meta) discover
[0.320s] Level 1:colcon.colcon_core.package_discovery:discover_packages(recursive) discover
[0.320s] INFO:colcon.colcon_core.package_discovery:Crawling recursively for packages in '/home/andrea/dobot_v3'
[0.320s] Level 1:colcon.colcon_core.package_identification:_identify(.) by extensions ['ignore', 'ignore_ament_install']
[0.321s] Level 1:colcon.colcon_core.package_identification:_identify(.) by extension 'ignore'
[0.321s] Level 1:colcon.colcon_core.package_identification:_identify(.) by extension 'ignore_ament_install'
[0.321s] Level 1:colcon.colcon_core.package_identification:_identify(.) by extensions ['colcon_pkg']
[0.321s] Level 1:colcon.colcon_core.package_identification:_identify(.) by extension 'colcon_pkg'
[0.321s] Level 1:colcon.colcon_core.package_identification:_identify(.) by extensions ['colcon_meta']
[0.321s] Level 1:colcon.colcon_core.package_identification:_identify(.) by extension 'colcon_meta'
[0.321s] Level 1:colcon.colcon_core.package_identification:_identify(.) by extensions ['ros']
[0.321s] Level 1:colcon.colcon_core.package_identification:_identify(.) by extension 'ros'
[0.328s] Level 1:colcon.colcon_core.package_identification:_identify(.) by extensions ['cmake', 'python']
[0.328s] Level 1:colcon.colcon_core.package_identification:_identify(.) by extension 'cmake'
[0.328s] Level 1:colcon.colcon_core.package_identification:_identify(.) by extension 'python'
[0.328s] Level 1:colcon.colcon_core.package_identification:_identify(.) by extensions ['python_setup_py']
[0.328s] Level 1:colcon.colcon_core.package_identification:_identify(.) by extension 'python_setup_py'
[0.328s] Level 1:colcon.colcon_core.package_identification:_identify(build) by extensions ['ignore', 'ignore_ament_install']
[0.328s] Level 1:colcon.colcon_core.package_identification:_identify(build) by extension 'ignore'
[0.328s] Level 1:colcon.colcon_core.package_identification:_identify(build) ignored
[0.328s] Level 1:colcon.colcon_core.package_identification:_identify(install) by extensions ['ignore', 'ignore_ament_install']
[0.328s] Level 1:colcon.colcon_core.package_identification:_identify(install) by extension 'ignore'
[0.328s] Level 1:colcon.colcon_core.package_identification:_identify(install) ignored
[0.329s] Level 1:colcon.colcon_core.package_identification:_identify(log) by extensions ['ignore', 'ignore_ament_install']
[0.329s] Level 1:colcon.colcon_core.package_identification:_identify(log) by extension 'ignore'
[0.329s] Level 1:colcon.colcon_core.package_identification:_identify(log) ignored
[0.329s] Level 1:colcon.colcon_core.package_identification:_identify(src) by extensions ['ignore', 'ignore_ament_install']
[0.329s] Level 1:colcon.colcon_core.package_identification:_identify(src) by extension 'ignore'
[0.329s] Level 1:colcon.colcon_core.package_identification:_identify(src) by extension 'ignore_ament_install'
[0.329s] Level 1:colcon.colcon_core.package_identification:_identify(src) by extensions ['colcon_pkg']
[0.329s] Level 1:colcon.colcon_core.package_identification:_identify(src) by extension 'colcon_pkg'
[0.329s] Level 1:colcon.colcon_core.package_identification:_identify(src) by extensions ['colcon_meta']
[0.329s] Level 1:colcon.colcon_core.package_identification:_identify(src) by extension 'colcon_meta'
[0.329s] Level 1:colcon.colcon_core.package_identification:_identify(src) by extensions ['ros']
[0.329s] Level 1:colcon.colcon_core.package_identification:_identify(src) by extension 'ros'
[0.329s] Level 1:colcon.colcon_core.package_identification:_identify(src) by extensions ['cmake', 'python']
[0.329s] Level 1:colcon.colcon_core.package_identification:_identify(src) by extension 'cmake'
[0.329s] Level 1:colcon.colcon_core.package_identification:_identify(src) by extension 'python'
[0.329s] Level 1:colcon.colcon_core.package_identification:_identify(src) by extensions ['python_setup_py']
[0.329s] Level 1:colcon.colcon_core.package_identification:_identify(src) by extension 'python_setup_py'
[0.329s] Level 1:colcon.colcon_core.package_identification:_identify(src/DOBOT_6Axis_ROS2_V3) by extensions ['ignore', 'ignore_ament_install']
[0.329s] Level 1:colcon.colcon_core.package_identification:_identify(src/DOBOT_6Axis_ROS2_V3) by extension 'ignore'
[0.329s] Level 1:colcon.colcon_core.package_identification:_identify(src/DOBOT_6Axis_ROS2_V3) by extension 'ignore_ament_install'
[0.329s] Level 1:colcon.colcon_core.package_identification:_identify(src/DOBOT_6Axis_ROS2_V3) by extensions ['colcon_pkg']
[0.329s] Level 1:colcon.colcon_core.package_identification:_identify(src/DOBOT_6Axis_ROS2_V3) by extension 'colcon_pkg'
[0.329s] Level 1:colcon.colcon_core.package_identification:_identify(src/DOBOT_6Axis_ROS2_V3) by extensions ['colcon_meta']
[0.329s] Level 1:colcon.colcon_core.package_identification:_identify(src/DOBOT_6Axis_ROS2_V3) by extension 'colcon_meta'
[0.329s] Level 1:colcon.colcon_core.package_identification:_identify(src/DOBOT_6Axis_ROS2_V3) by extensions ['ros']
[0.329s] Level 1:colcon.colcon_core.package_identification:_identify(src/DOBOT_6Axis_ROS2_V3) by extension 'ros'
[0.329s] Level 1:colcon.colcon_core.package_identification:_identify(src/DOBOT_6Axis_ROS2_V3) by extensions ['cmake', 'python']
[0.329s] Level 1:colcon.colcon_core.package_identification:_identify(src/DOBOT_6Axis_ROS2_V3) by extension 'cmake'
[0.329s] Level 1:colcon.colcon_core.package_identification:_identify(src/DOBOT_6Axis_ROS2_V3) by extension 'python'
[0.329s] Level 1:colcon.colcon_core.package_identification:_identify(src/DOBOT_6Axis_ROS2_V3) by extensions ['python_setup_py']
[0.329s] Level 1:colcon.colcon_core.package_identification:_identify(src/DOBOT_6Axis_ROS2_V3) by extension 'python_setup_py'
[0.329s] Level 1:colcon.colcon_core.package_identification:_identify(src/DOBOT_6Axis_ROS2_V3/cr10_moveit) by extensions ['ignore', 'ignore_ament_install']
[0.329s] Level 1:colcon.colcon_core.package_identification:_identify(src/DOBOT_6Axis_ROS2_V3/cr10_moveit) by extension 'ignore'
[0.329s] Level 1:colcon.colcon_core.package_identification:_identify(src/DOBOT_6Axis_ROS2_V3/cr10_moveit) by extension 'ignore_ament_install'
[0.329s] Level 1:colcon.colcon_core.package_identification:_identify(src/DOBOT_6Axis_ROS2_V3/cr10_moveit) by extensions ['colcon_pkg']
[0.330s] Level 1:colcon.colcon_core.package_identification:_identify(src/DOBOT_6Axis_ROS2_V3/cr10_moveit) by extension 'colcon_pkg'
[0.330s] Level 1:colcon.colcon_core.package_identification:_identify(src/DOBOT_6Axis_ROS2_V3/cr10_moveit) by extensions ['colcon_meta']
[0.330s] Level 1:colcon.colcon_core.package_identification:_identify(src/DOBOT_6Axis_ROS2_V3/cr10_moveit) by extension 'colcon_meta'
[0.330s] Level 1:colcon.colcon_core.package_identification:_identify(src/DOBOT_6Axis_ROS2_V3/cr10_moveit) by extensions ['ros']
[0.330s] Level 1:colcon.colcon_core.package_identification:_identify(src/DOBOT_6Axis_ROS2_V3/cr10_moveit) by extension 'ros'
[0.333s] DEBUG:colcon.colcon_core.package_identification:Package 'src/DOBOT_6Axis_ROS2_V3/cr10_moveit' with type 'ros.ament_cmake' and name 'cr10_moveit'
[0.333s] Level 1:colcon.colcon_core.package_identification:_identify(src/DOBOT_6Axis_ROS2_V3/cr12_moveit) by extensions ['ignore', 'ignore_ament_install']
[0.333s] Level 1:colcon.colcon_core.package_identification:_identify(src/DOBOT_6Axis_ROS2_V3/cr12_moveit) by extension 'ignore'
[0.333s] Level 1:colcon.colcon_core.package_identification:_identify(src/DOBOT_6Axis_ROS2_V3/cr12_moveit) by extension 'ignore_ament_install'
[0.333s] Level 1:colcon.colcon_core.package_identification:_identify(src/DOBOT_6Axis_ROS2_V3/cr12_moveit) by extensions ['colcon_pkg']
[0.333s] Level 1:colcon.colcon_core.package_identification:_identify(src/DOBOT_6Axis_ROS2_V3/cr12_moveit) by extension 'colcon_pkg'
[0.333s] Level 1:colcon.colcon_core.package_identification:_identify(src/DOBOT_6Axis_ROS2_V3/cr12_moveit) by extensions ['colcon_meta']
[0.333s] Level 1:colcon.colcon_core.package_identification:_identify(src/DOBOT_6Axis_ROS2_V3/cr12_moveit) by extension 'colcon_meta'
[0.333s] Level 1:colcon.colcon_core.package_identification:_identify(src/DOBOT_6Axis_ROS2_V3/cr12_moveit) by extensions ['ros']
[0.333s] Level 1:colcon.colcon_core.package_identification:_identify(src/DOBOT_6Axis_ROS2_V3/cr12_moveit) by extension 'ros'
[0.341s] DEBUG:colcon.colcon_core.package_identification:Package 'src/DOBOT_6Axis_ROS2_V3/cr12_moveit' with type 'ros.ament_cmake' and name 'cr12_moveit'
[0.341s] Level 1:colcon.colcon_core.package_identification:_identify(src/DOBOT_6Axis_ROS2_V3/cr16_moveit) by extensions ['ignore', 'ignore_ament_install']
[0.342s] Level 1:colcon.colcon_core.package_identification:_identify(src/DOBOT_6Axis_ROS2_V3/cr16_moveit) by extension 'ignore'
[0.342s] Level 1:colcon.colcon_core.package_identification:_identify(src/DOBOT_6Axis_ROS2_V3/cr16_moveit) by extension 'ignore_ament_install'
[0.342s] Level 1:colcon.colcon_core.package_identification:_identify(src/DOBOT_6Axis_ROS2_V3/cr16_moveit) by extensions ['colcon_pkg']
[0.342s] Level 1:colcon.colcon_core.package_identification:_identify(src/DOBOT_6Axis_ROS2_V3/cr16_moveit) by extension 'colcon_pkg'
[0.342s] Level 1:colcon.colcon_core.package_identification:_identify(src/DOBOT_6Axis_ROS2_V3/cr16_moveit) by extensions ['colcon_meta']
[0.342s] Level 1:colcon.colcon_core.package_identification:_identify(src/DOBOT_6Axis_ROS2_V3/cr16_moveit) by extension 'colcon_meta'
[0.342s] Level 1:colcon.colcon_core.package_identification:_identify(src/DOBOT_6Axis_ROS2_V3/cr16_moveit) by extensions ['ros']
[0.342s] Level 1:colcon.colcon_core.package_identification:_identify(src/DOBOT_6Axis_ROS2_V3/cr16_moveit) by extension 'ros'
[0.343s] DEBUG:colcon.colcon_core.package_identification:Package 'src/DOBOT_6Axis_ROS2_V3/cr16_moveit' with type 'ros.ament_cmake' and name 'cr16_moveit'
[0.343s] Level 1:colcon.colcon_core.package_identification:_identify(src/DOBOT_6Axis_ROS2_V3/cr3_moveit) by extensions ['ignore', 'ignore_ament_install']
[0.343s] Level 1:colcon.colcon_core.package_identification:_identify(src/DOBOT_6Axis_ROS2_V3/cr3_moveit) by extension 'ignore'
[0.343s] Level 1:colcon.colcon_core.package_identification:_identify(src/DOBOT_6Axis_ROS2_V3/cr3_moveit) by extension 'ignore_ament_install'
[0.343s] Level 1:colcon.colcon_core.package_identification:_identify(src/DOBOT_6Axis_ROS2_V3/cr3_moveit) by extensions ['colcon_pkg']
[0.343s] Level 1:colcon.colcon_core.package_identification:_identify(src/DOBOT_6Axis_ROS2_V3/cr3_moveit) by extension 'colcon_pkg'
[0.343s] Level 1:colcon.colcon_core.package_identification:_identify(src/DOBOT_6Axis_ROS2_V3/cr3_moveit) by extensions ['colcon_meta']
[0.343s] Level 1:colcon.colcon_core.package_identification:_identify(src/DOBOT_6Axis_ROS2_V3/cr3_moveit) by extension 'colcon_meta'
[0.343s] Level 1:colcon.colcon_core.package_identification:_identify(src/DOBOT_6Axis_ROS2_V3/cr3_moveit) by extensions ['ros']
[0.343s] Level 1:colcon.colcon_core.package_identification:_identify(src/DOBOT_6Axis_ROS2_V3/cr3_moveit) by extension 'ros'
[0.344s] DEBUG:colcon.colcon_core.package_identification:Package 'src/DOBOT_6Axis_ROS2_V3/cr3_moveit' with type 'ros.ament_cmake' and name 'cr3_moveit'
[0.344s] Level 1:colcon.colcon_core.package_identification:_identify(src/DOBOT_6Axis_ROS2_V3/cr5_moveit) by extensions ['ignore', 'ignore_ament_install']
[0.344s] Level 1:colcon.colcon_core.package_identification:_identify(src/DOBOT_6Axis_ROS2_V3/cr5_moveit) by extension 'ignore'
[0.344s] Level 1:colcon.colcon_core.package_identification:_identify(src/DOBOT_6Axis_ROS2_V3/cr5_moveit) by extension 'ignore_ament_install'
[0.344s] Level 1:colcon.colcon_core.package_identification:_identify(src/DOBOT_6Axis_ROS2_V3/cr5_moveit) by extensions ['colcon_pkg']
[0.344s] Level 1:colcon.colcon_core.package_identification:_identify(src/DOBOT_6Axis_ROS2_V3/cr5_moveit) by extension 'colcon_pkg'
[0.344s] Level 1:colcon.colcon_core.package_identification:_identify(src/DOBOT_6Axis_ROS2_V3/cr5_moveit) by extensions ['colcon_meta']
[0.344s] Level 1:colcon.colcon_core.package_identification:_identify(src/DOBOT_6Axis_ROS2_V3/cr5_moveit) by extension 'colcon_meta'
[0.344s] Level 1:colcon.colcon_core.package_identification:_identify(src/DOBOT_6Axis_ROS2_V3/cr5_moveit) by extensions ['ros']
[0.344s] Level 1:colcon.colcon_core.package_identification:_identify(src/DOBOT_6Axis_ROS2_V3/cr5_moveit) by extension 'ros'
[0.345s] DEBUG:colcon.colcon_core.package_identification:Package 'src/DOBOT_6Axis_ROS2_V3/cr5_moveit' with type 'ros.ament_cmake' and name 'cr5_moveit'
[0.345s] Level 1:colcon.colcon_core.package_identification:_identify(src/DOBOT_6Axis_ROS2_V3/cr7_moveit) by extensions ['ignore', 'ignore_ament_install']
[0.345s] Level 1:colcon.colcon_core.package_identification:_identify(src/DOBOT_6Axis_ROS2_V3/cr7_moveit) by extension 'ignore'
[0.345s] Level 1:colcon.colcon_core.package_identification:_identify(src/DOBOT_6Axis_ROS2_V3/cr7_moveit) by extension 'ignore_ament_install'
[0.345s] Level 1:colcon.colcon_core.package_identification:_identify(src/DOBOT_6Axis_ROS2_V3/cr7_moveit) by extensions ['colcon_pkg']
[0.345s] Level 1:colcon.colcon_core.package_identification:_identify(src/DOBOT_6Axis_ROS2_V3/cr7_moveit) by extension 'colcon_pkg'
[0.345s] Level 1:colcon.colcon_core.package_identification:_identify(src/DOBOT_6Axis_ROS2_V3/cr7_moveit) by extensions ['colcon_meta']
[0.345s] Level 1:colcon.colcon_core.package_identification:_identify(src/DOBOT_6Axis_ROS2_V3/cr7_moveit) by extension 'colcon_meta'
[0.345s] Level 1:colcon.colcon_core.package_identification:_identify(src/DOBOT_6Axis_ROS2_V3/cr7_moveit) by extensions ['ros']
[0.345s] Level 1:colcon.colcon_core.package_identification:_identify(src/DOBOT_6Axis_ROS2_V3/cr7_moveit) by extension 'ros'
[0.346s] DEBUG:colcon.colcon_core.package_identification:Package 'src/DOBOT_6Axis_ROS2_V3/cr7_moveit' with type 'ros.ament_cmake' and name 'cr7_moveit'
[0.346s] Level 1:colcon.colcon_core.package_identification:_identify(src/DOBOT_6Axis_ROS2_V3/cra_description) by extensions ['ignore', 'ignore_ament_install']
[0.346s] Level 1:colcon.colcon_core.package_identification:_identify(src/DOBOT_6Axis_ROS2_V3/cra_description) by extension 'ignore'
[0.346s] Level 1:colcon.colcon_core.package_identification:_identify(src/DOBOT_6Axis_ROS2_V3/cra_description) by extension 'ignore_ament_install'
[0.346s] Level 1:colcon.colcon_core.package_identification:_identify(src/DOBOT_6Axis_ROS2_V3/cra_description) by extensions ['colcon_pkg']
[0.346s] Level 1:colcon.colcon_core.package_identification:_identify(src/DOBOT_6Axis_ROS2_V3/cra_description) by extension 'colcon_pkg'
[0.346s] Level 1:colcon.colcon_core.package_identification:_identify(src/DOBOT_6Axis_ROS2_V3/cra_description) by extensions ['colcon_meta']
[0.346s] Level 1:colcon.colcon_core.package_identification:_identify(src/DOBOT_6Axis_ROS2_V3/cra_description) by extension 'colcon_meta'
[0.346s] Level 1:colcon.colcon_core.package_identification:_identify(src/DOBOT_6Axis_ROS2_V3/cra_description) by extensions ['ros']
[0.346s] Level 1:colcon.colcon_core.package_identification:_identify(src/DOBOT_6Axis_ROS2_V3/cra_description) by extension 'ros'
[0.346s] DEBUG:colcon.colcon_core.package_identification:Package 'src/DOBOT_6Axis_ROS2_V3/cra_description' with type 'ros.ament_cmake' and name 'cra_description'
[0.346s] Level 1:colcon.colcon_core.package_identification:_identify(src/DOBOT_6Axis_ROS2_V3/dobot_bringup_v3) by extensions ['ignore', 'ignore_ament_install']
[0.346s] Level 1:colcon.colcon_core.package_identification:_identify(src/DOBOT_6Axis_ROS2_V3/dobot_bringup_v3) by extension 'ignore'
[0.347s] Level 1:colcon.colcon_core.package_identification:_identify(src/DOBOT_6Axis_ROS2_V3/dobot_bringup_v3) by extension 'ignore_ament_install'
[0.347s] Level 1:colcon.colcon_core.package_identification:_identify(src/DOBOT_6Axis_ROS2_V3/dobot_bringup_v3) by extensions ['colcon_pkg']
[0.347s] Level 1:colcon.colcon_core.package_identification:_identify(src/DOBOT_6Axis_ROS2_V3/dobot_bringup_v3) by extension 'colcon_pkg'
[0.347s] Level 1:colcon.colcon_core.package_identification:_identify(src/DOBOT_6Axis_ROS2_V3/dobot_bringup_v3) by extensions ['colcon_meta']
[0.347s] Level 1:colcon.colcon_core.package_identification:_identify(src/DOBOT_6Axis_ROS2_V3/dobot_bringup_v3) by extension 'colcon_meta'
[0.347s] Level 1:colcon.colcon_core.package_identification:_identify(src/DOBOT_6Axis_ROS2_V3/dobot_bringup_v3) by extensions ['ros']
[0.347s] Level 1:colcon.colcon_core.package_identification:_identify(src/DOBOT_6Axis_ROS2_V3/dobot_bringup_v3) by extension 'ros'
[0.348s] DEBUG:colcon.colcon_core.package_identification:Package 'src/DOBOT_6Axis_ROS2_V3/dobot_bringup_v3' with type 'ros.ament_python' and name 'dobot_bringup_v3'
[0.348s] Level 1:colcon.colcon_core.package_identification:_identify(src/DOBOT_6Axis_ROS2_V3/dobot_demo) by extensions ['ignore', 'ignore_ament_install']
[0.348s] Level 1:colcon.colcon_core.package_identification:_identify(src/DOBOT_6Axis_ROS2_V3/dobot_demo) by extension 'ignore'
[0.348s] Level 1:colcon.colcon_core.package_identification:_identify(src/DOBOT_6Axis_ROS2_V3/dobot_demo) by extension 'ignore_ament_install'
[0.348s] Level 1:colcon.colcon_core.package_identification:_identify(src/DOBOT_6Axis_ROS2_V3/dobot_demo) by extensions ['colcon_pkg']
[0.348s] Level 1:colcon.colcon_core.package_identification:_identify(src/DOBOT_6Axis_ROS2_V3/dobot_demo) by extension 'colcon_pkg'
[0.348s] Level 1:colcon.colcon_core.package_identification:_identify(src/DOBOT_6Axis_ROS2_V3/dobot_demo) by extensions ['colcon_meta']
[0.348s] Level 1:colcon.colcon_core.package_identification:_identify(src/DOBOT_6Axis_ROS2_V3/dobot_demo) by extension 'colcon_meta'
[0.348s] Level 1:colcon.colcon_core.package_identification:_identify(src/DOBOT_6Axis_ROS2_V3/dobot_demo) by extensions ['ros']
[0.348s] Level 1:colcon.colcon_core.package_identification:_identify(src/DOBOT_6Axis_ROS2_V3/dobot_demo) by extension 'ros'
[0.349s] DEBUG:colcon.colcon_core.package_identification:Package 'src/DOBOT_6Axis_ROS2_V3/dobot_demo' with type 'ros.ament_python' and name 'dobot_demo'
[0.349s] Level 1:colcon.colcon_core.package_identification:_identify(src/DOBOT_6Axis_ROS2_V3/dobot_gazebo) by extensions ['ignore', 'ignore_ament_install']
[0.349s] Level 1:colcon.colcon_core.package_identification:_identify(src/DOBOT_6Axis_ROS2_V3/dobot_gazebo) by extension 'ignore'
[0.349s] Level 1:colcon.colcon_core.package_identification:_identify(src/DOBOT_6Axis_ROS2_V3/dobot_gazebo) by extension 'ignore_ament_install'
[0.349s] Level 1:colcon.colcon_core.package_identification:_identify(src/DOBOT_6Axis_ROS2_V3/dobot_gazebo) by extensions ['colcon_pkg']
[0.349s] Level 1:colcon.colcon_core.package_identification:_identify(src/DOBOT_6Axis_ROS2_V3/dobot_gazebo) by extension 'colcon_pkg'
[0.349s] Level 1:colcon.colcon_core.package_identification:_identify(src/DOBOT_6Axis_ROS2_V3/dobot_gazebo) by extensions ['colcon_meta']
[0.349s] Level 1:colcon.colcon_core.package_identification:_identify(src/DOBOT_6Axis_ROS2_V3/dobot_gazebo) by extension 'colcon_meta'
[0.349s] Level 1:colcon.colcon_core.package_identification:_identify(src/DOBOT_6Axis_ROS2_V3/dobot_gazebo) by extensions ['ros']
[0.349s] Level 1:colcon.colcon_core.package_identification:_identify(src/DOBOT_6Axis_ROS2_V3/dobot_gazebo) by extension 'ros'
[0.349s] DEBUG:colcon.colcon_core.package_identification:Package 'src/DOBOT_6Axis_ROS2_V3/dobot_gazebo' with type 'ros.ament_cmake' and name 'dobot_gazebo'
[0.349s] Level 1:colcon.colcon_core.package_identification:_identify(src/DOBOT_6Axis_ROS2_V3/dobot_moveit) by extensions ['ignore', 'ignore_ament_install']
[0.349s] Level 1:colcon.colcon_core.package_identification:_identify(src/DOBOT_6Axis_ROS2_V3/dobot_moveit) by extension 'ignore'
[0.350s] Level 1:colcon.colcon_core.package_identification:_identify(src/DOBOT_6Axis_ROS2_V3/dobot_moveit) by extension 'ignore_ament_install'
[0.350s] Level 1:colcon.colcon_core.package_identification:_identify(src/DOBOT_6Axis_ROS2_V3/dobot_moveit) by extensions ['colcon_pkg']
[0.350s] Level 1:colcon.colcon_core.package_identification:_identify(src/DOBOT_6Axis_ROS2_V3/dobot_moveit) by extension 'colcon_pkg'
[0.350s] Level 1:colcon.colcon_core.package_identification:_identify(src/DOBOT_6Axis_ROS2_V3/dobot_moveit) by extensions ['colcon_meta']
[0.350s] Level 1:colcon.colcon_core.package_identification:_identify(src/DOBOT_6Axis_ROS2_V3/dobot_moveit) by extension 'colcon_meta'
[0.350s] Level 1:colcon.colcon_core.package_identification:_identify(src/DOBOT_6Axis_ROS2_V3/dobot_moveit) by extensions ['ros']
[0.350s] Level 1:colcon.colcon_core.package_identification:_identify(src/DOBOT_6Axis_ROS2_V3/dobot_moveit) by extension 'ros'
[0.350s] DEBUG:colcon.colcon_core.package_identification:Package 'src/DOBOT_6Axis_ROS2_V3/dobot_moveit' with type 'ros.ament_python' and name 'dobot_moveit'
[0.350s] Level 1:colcon.colcon_core.package_identification:_identify(src/DOBOT_6Axis_ROS2_V3/dobot_msgs_v3) by extensions ['ignore', 'ignore_ament_install']
[0.350s] Level 1:colcon.colcon_core.package_identification:_identify(src/DOBOT_6Axis_ROS2_V3/dobot_msgs_v3) by extension 'ignore'
[0.350s] Level 1:colcon.colcon_core.package_identification:_identify(src/DOBOT_6Axis_ROS2_V3/dobot_msgs_v3) by extension 'ignore_ament_install'
[0.350s] Level 1:colcon.colcon_core.package_identification:_identify(src/DOBOT_6Axis_ROS2_V3/dobot_msgs_v3) by extensions ['colcon_pkg']
[0.350s] Level 1:colcon.colcon_core.package_identification:_identify(src/DOBOT_6Axis_ROS2_V3/dobot_msgs_v3) by extension 'colcon_pkg'
[0.350s] Level 1:colcon.colcon_core.package_identification:_identify(src/DOBOT_6Axis_ROS2_V3/dobot_msgs_v3) by extensions ['colcon_meta']
[0.350s] Level 1:colcon.colcon_core.package_identification:_identify(src/DOBOT_6Axis_ROS2_V3/dobot_msgs_v3) by extension 'colcon_meta'
[0.350s] Level 1:colcon.colcon_core.package_identification:_identify(src/DOBOT_6Axis_ROS2_V3/dobot_msgs_v3) by extensions ['ros']
[0.350s] Level 1:colcon.colcon_core.package_identification:_identify(src/DOBOT_6Axis_ROS2_V3/dobot_msgs_v3) by extension 'ros'
[0.351s] DEBUG:colcon.colcon_core.package_identification:Package 'src/DOBOT_6Axis_ROS2_V3/dobot_msgs_v3' with type 'ros.ament_cmake' and name 'dobot_msgs_v3'
[0.351s] Level 1:colcon.colcon_core.package_identification:_identify(src/DOBOT_6Axis_ROS2_V3/dobot_rviz) by extensions ['ignore', 'ignore_ament_install']
[0.351s] Level 1:colcon.colcon_core.package_identification:_identify(src/DOBOT_6Axis_ROS2_V3/dobot_rviz) by extension 'ignore'
[0.351s] Level 1:colcon.colcon_core.package_identification:_identify(src/DOBOT_6Axis_ROS2_V3/dobot_rviz) by extension 'ignore_ament_install'
[0.351s] Level 1:colcon.colcon_core.package_identification:_identify(src/DOBOT_6Axis_ROS2_V3/dobot_rviz) by extensions ['colcon_pkg']
[0.351s] Level 1:colcon.colcon_core.package_identification:_identify(src/DOBOT_6Axis_ROS2_V3/dobot_rviz) by extension 'colcon_pkg'
[0.351s] Level 1:colcon.colcon_core.package_identification:_identify(src/DOBOT_6Axis_ROS2_V3/dobot_rviz) by extensions ['colcon_meta']
[0.351s] Level 1:colcon.colcon_core.package_identification:_identify(src/DOBOT_6Axis_ROS2_V3/dobot_rviz) by extension 'colcon_meta'
[0.351s] Level 1:colcon.colcon_core.package_identification:_identify(src/DOBOT_6Axis_ROS2_V3/dobot_rviz) by extensions ['ros']
[0.351s] Level 1:colcon.colcon_core.package_identification:_identify(src/DOBOT_6Axis_ROS2_V3/dobot_rviz) by extension 'ros'
[0.352s] DEBUG:colcon.colcon_core.package_identification:Package 'src/DOBOT_6Axis_ROS2_V3/dobot_rviz' with type 'ros.ament_cmake' and name 'dobot_rviz'
[0.352s] Level 1:colcon.colcon_core.package_identification:_identify(src/DOBOT_6Axis_ROS2_V3/image) by extensions ['ignore', 'ignore_ament_install']
[0.352s] Level 1:colcon.colcon_core.package_identification:_identify(src/DOBOT_6Axis_ROS2_V3/image) by extension 'ignore'
[0.352s] Level 1:colcon.colcon_core.package_identification:_identify(src/DOBOT_6Axis_ROS2_V3/image) by extension 'ignore_ament_install'
[0.352s] Level 1:colcon.colcon_core.package_identification:_identify(src/DOBOT_6Axis_ROS2_V3/image) by extensions ['colcon_pkg']
[0.352s] Level 1:colcon.colcon_core.package_identification:_identify(src/DOBOT_6Axis_ROS2_V3/image) by extension 'colcon_pkg'
[0.352s] Level 1:colcon.colcon_core.package_identification:_identify(src/DOBOT_6Axis_ROS2_V3/image) by extensions ['colcon_meta']
[0.352s] Level 1:colcon.colcon_core.package_identification:_identify(src/DOBOT_6Axis_ROS2_V3/image) by extension 'colcon_meta'
[0.352s] Level 1:colcon.colcon_core.package_identification:_identify(src/DOBOT_6Axis_ROS2_V3/image) by extensions ['ros']
[0.352s] Level 1:colcon.colcon_core.package_identification:_identify(src/DOBOT_6Axis_ROS2_V3/image) by extension 'ros'
[0.352s] Level 1:colcon.colcon_core.package_identification:_identify(src/DOBOT_6Axis_ROS2_V3/image) by extensions ['cmake', 'python']
[0.352s] Level 1:colcon.colcon_core.package_identification:_identify(src/DOBOT_6Axis_ROS2_V3/image) by extension 'cmake'
[0.352s] Level 1:colcon.colcon_core.package_identification:_identify(src/DOBOT_6Axis_ROS2_V3/image) by extension 'python'
[0.352s] Level 1:colcon.colcon_core.package_identification:_identify(src/DOBOT_6Axis_ROS2_V3/image) by extensions ['python_setup_py']
[0.352s] Level 1:colcon.colcon_core.package_identification:_identify(src/DOBOT_6Axis_ROS2_V3/image) by extension 'python_setup_py'
[0.352s] Level 1:colcon.colcon_core.package_identification:_identify(src/DOBOT_6Axis_ROS2_V3/nova2_moveit) by extensions ['ignore', 'ignore_ament_install']
[0.352s] Level 1:colcon.colcon_core.package_identification:_identify(src/DOBOT_6Axis_ROS2_V3/nova2_moveit) by extension 'ignore'
[0.352s] Level 1:colcon.colcon_core.package_identification:_identify(src/DOBOT_6Axis_ROS2_V3/nova2_moveit) by extension 'ignore_ament_install'
[0.352s] Level 1:colcon.colcon_core.package_identification:_identify(src/DOBOT_6Axis_ROS2_V3/nova2_moveit) by extensions ['colcon_pkg']
[0.352s] Level 1:colcon.colcon_core.package_identification:_identify(src/DOBOT_6Axis_ROS2_V3/nova2_moveit) by extension 'colcon_pkg'
[0.352s] Level 1:colcon.colcon_core.package_identification:_identify(src/DOBOT_6Axis_ROS2_V3/nova2_moveit) by extensions ['colcon_meta']
[0.352s] Level 1:colcon.colcon_core.package_identification:_identify(src/DOBOT_6Axis_ROS2_V3/nova2_moveit) by extension 'colcon_meta'
[0.352s] Level 1:colcon.colcon_core.package_identification:_identify(src/DOBOT_6Axis_ROS2_V3/nova2_moveit) by extensions ['ros']
[0.352s] Level 1:colcon.colcon_core.package_identification:_identify(src/DOBOT_6Axis_ROS2_V3/nova2_moveit) by extension 'ros'
[0.353s] DEBUG:colcon.colcon_core.package_identification:Package 'src/DOBOT_6Axis_ROS2_V3/nova2_moveit' with type 'ros.ament_cmake' and name 'nova2_moveit'
[0.354s] Level 1:colcon.colcon_core.package_identification:_identify(src/DOBOT_6Axis_ROS2_V3/nova5_moveit) by extensions ['ignore', 'ignore_ament_install']
[0.354s] Level 1:colcon.colcon_core.package_identification:_identify(src/DOBOT_6Axis_ROS2_V3/nova5_moveit) by extension 'ignore'
[0.354s] Level 1:colcon.colcon_core.package_identification:_identify(src/DOBOT_6Axis_ROS2_V3/nova5_moveit) by extension 'ignore_ament_install'
[0.354s] Level 1:colcon.colcon_core.package_identification:_identify(src/DOBOT_6Axis_ROS2_V3/nova5_moveit) by extensions ['colcon_pkg']
[0.354s] Level 1:colcon.colcon_core.package_identification:_identify(src/DOBOT_6Axis_ROS2_V3/nova5_moveit) by extension 'colcon_pkg'
[0.354s] Level 1:colcon.colcon_core.package_identification:_identify(src/DOBOT_6Axis_ROS2_V3/nova5_moveit) by extensions ['colcon_meta']
[0.354s] Level 1:colcon.colcon_core.package_identification:_identify(src/DOBOT_6Axis_ROS2_V3/nova5_moveit) by extension 'colcon_meta'
[0.354s] Level 1:colcon.colcon_core.package_identification:_identify(src/DOBOT_6Axis_ROS2_V3/nova5_moveit) by extensions ['ros']
[0.354s] Level 1:colcon.colcon_core.package_identification:_identify(src/DOBOT_6Axis_ROS2_V3/nova5_moveit) by extension 'ros'
[0.355s] DEBUG:colcon.colcon_core.package_identification:Package 'src/DOBOT_6Axis_ROS2_V3/nova5_moveit' with type 'ros.ament_cmake' and name 'nova5_moveit'
[0.355s] Level 1:colcon.colcon_core.package_identification:_identify(src/DOBOT_6Axis_ROS2_V3/servo_action) by extensions ['ignore', 'ignore_ament_install']
[0.355s] Level 1:colcon.colcon_core.package_identification:_identify(src/DOBOT_6Axis_ROS2_V3/servo_action) by extension 'ignore'
[0.355s] Level 1:colcon.colcon_core.package_identification:_identify(src/DOBOT_6Axis_ROS2_V3/servo_action) by extension 'ignore_ament_install'
[0.355s] Level 1:colcon.colcon_core.package_identification:_identify(src/DOBOT_6Axis_ROS2_V3/servo_action) by extensions ['colcon_pkg']
[0.355s] Level 1:colcon.colcon_core.package_identification:_identify(src/DOBOT_6Axis_ROS2_V3/servo_action) by extension 'colcon_pkg'
[0.355s] Level 1:colcon.colcon_core.package_identification:_identify(src/DOBOT_6Axis_ROS2_V3/servo_action) by extensions ['colcon_meta']
[0.355s] Level 1:colcon.colcon_core.package_identification:_identify(src/DOBOT_6Axis_ROS2_V3/servo_action) by extension 'colcon_meta'
[0.355s] Level 1:colcon.colcon_core.package_identification:_identify(src/DOBOT_6Axis_ROS2_V3/servo_action) by extensions ['ros']
[0.355s] Level 1:colcon.colcon_core.package_identification:_identify(src/DOBOT_6Axis_ROS2_V3/servo_action) by extension 'ros'
[0.355s] DEBUG:colcon.colcon_core.package_identification:Package 'src/DOBOT_6Axis_ROS2_V3/servo_action' with type 'ros.ament_python' and name 'servo_action'
[0.356s] Level 1:colcon.colcon_core.package_identification:_identify(src/cr5_moveit_cpp_demo) by extensions ['ignore', 'ignore_ament_install']
[0.356s] Level 1:colcon.colcon_core.package_identification:_identify(src/cr5_moveit_cpp_demo) by extension 'ignore'
[0.356s] Level 1:colcon.colcon_core.package_identification:_identify(src/cr5_moveit_cpp_demo) by extension 'ignore_ament_install'
[0.356s] Level 1:colcon.colcon_core.package_identification:_identify(src/cr5_moveit_cpp_demo) by extensions ['colcon_pkg']
[0.356s] Level 1:colcon.colcon_core.package_identification:_identify(src/cr5_moveit_cpp_demo) by extension 'colcon_pkg'
[0.356s] Level 1:colcon.colcon_core.package_identification:_identify(src/cr5_moveit_cpp_demo) by extensions ['colcon_meta']
[0.356s] Level 1:colcon.colcon_core.package_identification:_identify(src/cr5_moveit_cpp_demo) by extension 'colcon_meta'
[0.356s] Level 1:colcon.colcon_core.package_identification:_identify(src/cr5_moveit_cpp_demo) by extensions ['ros']
[0.356s] Level 1:colcon.colcon_core.package_identification:_identify(src/cr5_moveit_cpp_demo) by extension 'ros'
[0.357s] DEBUG:colcon.colcon_core.package_identification:Package 'src/cr5_moveit_cpp_demo' with type 'ros.ament_cmake' and name 'cr5_moveit_cpp_demo'
[0.358s] Level 1:colcon.colcon_core.package_identification:_identify(src/custom_messages) by extensions ['ignore', 'ignore_ament_install']
[0.358s] Level 1:colcon.colcon_core.package_identification:_identify(src/custom_messages) by extension 'ignore'
[0.358s] Level 1:colcon.colcon_core.package_identification:_identify(src/custom_messages) by extension 'ignore_ament_install'
[0.358s] Level 1:colcon.colcon_core.package_identification:_identify(src/custom_messages) by extensions ['colcon_pkg']
[0.358s] Level 1:colcon.colcon_core.package_identification:_identify(src/custom_messages) by extension 'colcon_pkg'
[0.358s] Level 1:colcon.colcon_core.package_identification:_identify(src/custom_messages) by extensions ['colcon_meta']
[0.358s] Level 1:colcon.colcon_core.package_identification:_identify(src/custom_messages) by extension 'colcon_meta'
[0.358s] Level 1:colcon.colcon_core.package_identification:_identify(src/custom_messages) by extensions ['ros']
[0.358s] Level 1:colcon.colcon_core.package_identification:_identify(src/custom_messages) by extension 'ros'
[0.358s] Level 1:colcon.colcon_core.package_identification:_identify(src/custom_messages) by extensions ['cmake', 'python']
[0.358s] Level 1:colcon.colcon_core.package_identification:_identify(src/custom_messages) by extension 'cmake'
[0.358s] Level 1:colcon.colcon_core.package_identification:_identify(src/custom_messages) by extension 'python'
[0.358s] Level 1:colcon.colcon_core.package_identification:_identify(src/custom_messages) by extensions ['python_setup_py']
[0.358s] Level 1:colcon.colcon_core.package_identification:_identify(src/custom_messages) by extension 'python_setup_py'
[0.358s] Level 1:colcon.colcon_core.package_identification:_identify(src/custom_messages/custom_messages) by extensions ['ignore', 'ignore_ament_install']
[0.358s] Level 1:colcon.colcon_core.package_identification:_identify(src/custom_messages/custom_messages) by extension 'ignore'
[0.358s] Level 1:colcon.colcon_core.package_identification:_identify(src/custom_messages/custom_messages) by extension 'ignore_ament_install'
[0.358s] Level 1:colcon.colcon_core.package_identification:_identify(src/custom_messages/custom_messages) by extensions ['colcon_pkg']
[0.358s] Level 1:colcon.colcon_core.package_identification:_identify(src/custom_messages/custom_messages) by extension 'colcon_pkg'
[0.358s] Level 1:colcon.colcon_core.package_identification:_identify(src/custom_messages/custom_messages) by extensions ['colcon_meta']
[0.358s] Level 1:colcon.colcon_core.package_identification:_identify(src/custom_messages/custom_messages) by extension 'colcon_meta'
[0.358s] Level 1:colcon.colcon_core.package_identification:_identify(src/custom_messages/custom_messages) by extensions ['ros']
[0.358s] Level 1:colcon.colcon_core.package_identification:_identify(src/custom_messages/custom_messages) by extension 'ros'
[0.359s] DEBUG:colcon.colcon_core.package_identification:Package 'src/custom_messages/custom_messages' with type 'ros.ament_cmake' and name 'custom_messages'
[0.359s] Level 1:colcon.colcon_core.package_identification:_identify(src/documentation) by extensions ['ignore', 'ignore_ament_install']
[0.359s] Level 1:colcon.colcon_core.package_identification:_identify(src/documentation) by extension 'ignore'
[0.359s] Level 1:colcon.colcon_core.package_identification:_identify(src/documentation) by extension 'ignore_ament_install'
[0.359s] Level 1:colcon.colcon_core.package_identification:_identify(src/documentation) by extensions ['colcon_pkg']
[0.359s] Level 1:colcon.colcon_core.package_identification:_identify(src/documentation) by extension 'colcon_pkg'
[0.359s] Level 1:colcon.colcon_core.package_identification:_identify(src/documentation) by extensions ['colcon_meta']
[0.359s] Level 1:colcon.colcon_core.package_identification:_identify(src/documentation) by extension 'colcon_meta'
[0.359s] Level 1:colcon.colcon_core.package_identification:_identify(src/documentation) by extensions ['ros']
[0.359s] Level 1:colcon.colcon_core.package_identification:_identify(src/documentation) by extension 'ros'
[0.360s] Level 1:colcon.colcon_core.package_identification:_identify(src/documentation) by extensions ['cmake', 'python']
[0.360s] Level 1:colcon.colcon_core.package_identification:_identify(src/documentation) by extension 'cmake'
[0.360s] Level 1:colcon.colcon_core.package_identification:_identify(src/documentation) by extension 'python'
[0.360s] Level 1:colcon.colcon_core.package_identification:_identify(src/documentation) by extensions ['python_setup_py']
[0.360s] Level 1:colcon.colcon_core.package_identification:_identify(src/documentation) by extension 'python_setup_py'
[0.360s] Level 1:colcon.colcon_core.package_discovery:discover_packages(recursive) using defaults
[0.360s] Level 1:colcon.colcon_core.package_discovery:discover_packages(ignore) discover
[0.360s] Level 1:colcon.colcon_core.package_discovery:discover_packages(ignore) using defaults
[0.360s] Level 1:colcon.colcon_core.package_discovery:discover_packages(path) discover
[0.360s] Level 1:colcon.colcon_core.package_discovery:discover_packages(path) using defaults
[0.380s] Level 1:colcon.colcon_core.package_discovery:discover_packages(prefix_path) check parameters
[0.380s] Level 1:colcon.colcon_core.package_discovery:discover_packages(prefix_path) discover
[0.383s] DEBUG:colcon.colcon_installed_package_information.package_discovery:Found 18 installed packages in /home/andrea/dobot_v3/install
[0.384s] DEBUG:colcon.colcon_installed_package_information.package_discovery:Found 429 installed packages in /opt/ros/humble
[0.385s] Level 1:colcon.colcon_core.package_discovery:discover_packages(prefix_path) using defaults
[0.420s] Level 5:colcon.colcon_core.verb:set package 'cra_description' build argument 'cmake_args' from command line to 'None'
[0.420s] Level 5:colcon.colcon_core.verb:set package 'cra_description' build argument 'cmake_target' from command line to 'None'
[0.420s] Level 5:colcon.colcon_core.verb:set package 'cra_description' build argument 'cmake_target_skip_unavailable' from command line to 'False'
[0.420s] Level 5:colcon.colcon_core.verb:set package 'cra_description' build argument 'cmake_clean_cache' from command line to 'False'
[0.420s] Level 5:colcon.colcon_core.verb:set package 'cra_description' build argument 'cmake_clean_first' from command line to 'False'
[0.420s] Level 5:colcon.colcon_core.verb:set package 'cra_description' build argument 'cmake_force_configure' from command line to 'False'
[0.420s] Level 5:colcon.colcon_core.verb:set package 'cra_description' build argument 'ament_cmake_args' from command line to 'None'
[0.420s] Level 5:colcon.colcon_core.verb:set package 'cra_description' build argument 'catkin_cmake_args' from command line to 'None'
[0.420s] Level 5:colcon.colcon_core.verb:set package 'cra_description' build argument 'catkin_skip_building_tests' from command line to 'False'
[0.420s] DEBUG:colcon.colcon_core.verb:Building package 'cra_description' with the following arguments: {'ament_cmake_args': None, 'build_base': '/home/andrea/dobot_v3/build/cra_description', 'catkin_cmake_args': None, 'catkin_skip_building_tests': False, 'cmake_args': None, 'cmake_clean_cache': False, 'cmake_clean_first': False, 'cmake_force_configure': False, 'cmake_target': None, 'cmake_target_skip_unavailable': False, 'install_base': '/home/andrea/dobot_v3/install/cra_description', 'merge_install': False, 'path': '/home/andrea/dobot_v3/src/DOBOT_6Axis_ROS2_V3/cra_description', 'symlink_install': False, 'test_result_base': None}
[0.420s] Level 5:colcon.colcon_core.verb:set package 'custom_messages' build argument 'cmake_args' from command line to 'None'
[0.420s] Level 5:colcon.colcon_core.verb:set package 'custom_messages' build argument 'cmake_target' from command line to 'None'
[0.420s] Level 5:colcon.colcon_core.verb:set package 'custom_messages' build argument 'cmake_target_skip_unavailable' from command line to 'False'
[0.420s] Level 5:colcon.colcon_core.verb:set package 'custom_messages' build argument 'cmake_clean_cache' from command line to 'False'
[0.420s] Level 5:colcon.colcon_core.verb:set package 'custom_messages' build argument 'cmake_clean_first' from command line to 'False'
[0.420s] Level 5:colcon.colcon_core.verb:set package 'custom_messages' build argument 'cmake_force_configure' from command line to 'False'
[0.420s] Level 5:colcon.colcon_core.verb:set package 'custom_messages' build argument 'ament_cmake_args' from command line to 'None'
[0.420s] Level 5:colcon.colcon_core.verb:set package 'custom_messages' build argument 'catkin_cmake_args' from command line to 'None'
[0.420s] Level 5:colcon.colcon_core.verb:set package 'custom_messages' build argument 'catkin_skip_building_tests' from command line to 'False'
[0.420s] DEBUG:colcon.colcon_core.verb:Building package 'custom_messages' with the following arguments: {'ament_cmake_args': None, 'build_base': '/home/andrea/dobot_v3/build/custom_messages', 'catkin_cmake_args': None, 'catkin_skip_building_tests': False, 'cmake_args': None, 'cmake_clean_cache': False, 'cmake_clean_first': False, 'cmake_force_configure': False, 'cmake_target': None, 'cmake_target_skip_unavailable': False, 'install_base': '/home/andrea/dobot_v3/install/custom_messages', 'merge_install': False, 'path': '/home/andrea/dobot_v3/src/custom_messages/custom_messages', 'symlink_install': False, 'test_result_base': None}
[0.420s] Level 5:colcon.colcon_core.verb:set package 'dobot_demo' build argument 'cmake_args' from command line to 'None'
[0.420s] Level 5:colcon.colcon_core.verb:set package 'dobot_demo' build argument 'cmake_target' from command line to 'None'
[0.420s] Level 5:colcon.colcon_core.verb:set package 'dobot_demo' build argument 'cmake_target_skip_unavailable' from command line to 'False'
[0.420s] Level 5:colcon.colcon_core.verb:set package 'dobot_demo' build argument 'cmake_clean_cache' from command line to 'False'
[0.420s] Level 5:colcon.colcon_core.verb:set package 'dobot_demo' build argument 'cmake_clean_first' from command line to 'False'
[0.420s] Level 5:colcon.colcon_core.verb:set package 'dobot_demo' build argument 'cmake_force_configure' from command line to 'False'
[0.420s] Level 5:colcon.colcon_core.verb:set package 'dobot_demo' build argument 'ament_cmake_args' from command line to 'None'
[0.420s] Level 5:colcon.colcon_core.verb:set package 'dobot_demo' build argument 'catkin_cmake_args' from command line to 'None'
[0.421s] Level 5:colcon.colcon_core.verb:set package 'dobot_demo' build argument 'catkin_skip_building_tests' from command line to 'False'
[0.421s] DEBUG:colcon.colcon_core.verb:Building package 'dobot_demo' with the following arguments: {'ament_cmake_args': None, 'build_base': '/home/andrea/dobot_v3/build/dobot_demo', 'catkin_cmake_args': None, 'catkin_skip_building_tests': False, 'cmake_args': None, 'cmake_clean_cache': False, 'cmake_clean_first': False, 'cmake_force_configure': False, 'cmake_target': None, 'cmake_target_skip_unavailable': False, 'install_base': '/home/andrea/dobot_v3/install/dobot_demo', 'merge_install': False, 'path': '/home/andrea/dobot_v3/src/DOBOT_6Axis_ROS2_V3/dobot_demo', 'symlink_install': False, 'test_result_base': None}
[0.421s] Level 5:colcon.colcon_core.verb:set package 'dobot_moveit' build argument 'cmake_args' from command line to 'None'
[0.421s] Level 5:colcon.colcon_core.verb:set package 'dobot_moveit' build argument 'cmake_target' from command line to 'None'
[0.421s] Level 5:colcon.colcon_core.verb:set package 'dobot_moveit' build argument 'cmake_target_skip_unavailable' from command line to 'False'
[0.421s] Level 5:colcon.colcon_core.verb:set package 'dobot_moveit' build argument 'cmake_clean_cache' from command line to 'False'
[0.421s] Level 5:colcon.colcon_core.verb:set package 'dobot_moveit' build argument 'cmake_clean_first' from command line to 'False'
[0.421s] Level 5:colcon.colcon_core.verb:set package 'dobot_moveit' build argument 'cmake_force_configure' from command line to 'False'
[0.421s] Level 5:colcon.colcon_core.verb:set package 'dobot_moveit' build argument 'ament_cmake_args' from command line to 'None'
[0.421s] Level 5:colcon.colcon_core.verb:set package 'dobot_moveit' build argument 'catkin_cmake_args' from command line to 'None'
[0.421s] Level 5:colcon.colcon_core.verb:set package 'dobot_moveit' build argument 'catkin_skip_building_tests' from command line to 'False'
[0.421s] DEBUG:colcon.colcon_core.verb:Building package 'dobot_moveit' with the following arguments: {'ament_cmake_args': None, 'build_base': '/home/andrea/dobot_v3/build/dobot_moveit', 'catkin_cmake_args': None, 'catkin_skip_building_tests': False, 'cmake_args': None, 'cmake_clean_cache': False, 'cmake_clean_first': False, 'cmake_force_configure': False, 'cmake_target': None, 'cmake_target_skip_unavailable': False, 'install_base': '/home/andrea/dobot_v3/install/dobot_moveit', 'merge_install': False, 'path': '/home/andrea/dobot_v3/src/DOBOT_6Axis_ROS2_V3/dobot_moveit', 'symlink_install': False, 'test_result_base': None}
[0.421s] Level 5:colcon.colcon_core.verb:set package 'dobot_msgs_v3' build argument 'cmake_args' from command line to 'None'
[0.421s] Level 5:colcon.colcon_core.verb:set package 'dobot_msgs_v3' build argument 'cmake_target' from command line to 'None'
[0.421s] Level 5:colcon.colcon_core.verb:set package 'dobot_msgs_v3' build argument 'cmake_target_skip_unavailable' from command line to 'False'
[0.421s] Level 5:colcon.colcon_core.verb:set package 'dobot_msgs_v3' build argument 'cmake_clean_cache' from command line to 'False'
[0.421s] Level 5:colcon.colcon_core.verb:set package 'dobot_msgs_v3' build argument 'cmake_clean_first' from command line to 'False'
[0.421s] Level 5:colcon.colcon_core.verb:set package 'dobot_msgs_v3' build argument 'cmake_force_configure' from command line to 'False'
[0.421s] Level 5:colcon.colcon_core.verb:set package 'dobot_msgs_v3' build argument 'ament_cmake_args' from command line to 'None'
[0.421s] Level 5:colcon.colcon_core.verb:set package 'dobot_msgs_v3' build argument 'catkin_cmake_args' from command line to 'None'
[0.421s] Level 5:colcon.colcon_core.verb:set package 'dobot_msgs_v3' build argument 'catkin_skip_building_tests' from command line to 'False'
[0.421s] DEBUG:colcon.colcon_core.verb:Building package 'dobot_msgs_v3' with the following arguments: {'ament_cmake_args': None, 'build_base': '/home/andrea/dobot_v3/build/dobot_msgs_v3', 'catkin_cmake_args': None, 'catkin_skip_building_tests': False, 'cmake_args': None, 'cmake_clean_cache': False, 'cmake_clean_first': False, 'cmake_force_configure': False, 'cmake_target': None, 'cmake_target_skip_unavailable': False, 'install_base': '/home/andrea/dobot_v3/install/dobot_msgs_v3', 'merge_install': False, 'path': '/home/andrea/dobot_v3/src/DOBOT_6Axis_ROS2_V3/dobot_msgs_v3', 'symlink_install': False, 'test_result_base': None}
[0.421s] Level 5:colcon.colcon_core.verb:set package 'dobot_rviz' build argument 'cmake_args' from command line to 'None'
[0.421s] Level 5:colcon.colcon_core.verb:set package 'dobot_rviz' build argument 'cmake_target' from command line to 'None'
[0.421s] Level 5:colcon.colcon_core.verb:set package 'dobot_rviz' build argument 'cmake_target_skip_unavailable' from command line to 'False'
[0.421s] Level 5:colcon.colcon_core.verb:set package 'dobot_rviz' build argument 'cmake_clean_cache' from command line to 'False'
[0.421s] Level 5:colcon.colcon_core.verb:set package 'dobot_rviz' build argument 'cmake_clean_first' from command line to 'False'
[0.421s] Level 5:colcon.colcon_core.verb:set package 'dobot_rviz' build argument 'cmake_force_configure' from command line to 'False'
[0.421s] Level 5:colcon.colcon_core.verb:set package 'dobot_rviz' build argument 'ament_cmake_args' from command line to 'None'
[0.421s] Level 5:colcon.colcon_core.verb:set package 'dobot_rviz' build argument 'catkin_cmake_args' from command line to 'None'
[0.421s] Level 5:colcon.colcon_core.verb:set package 'dobot_rviz' build argument 'catkin_skip_building_tests' from command line to 'False'
[0.421s] DEBUG:colcon.colcon_core.verb:Building package 'dobot_rviz' with the following arguments: {'ament_cmake_args': None, 'build_base': '/home/andrea/dobot_v3/build/dobot_rviz', 'catkin_cmake_args': None, 'catkin_skip_building_tests': False, 'cmake_args': None, 'cmake_clean_cache': False, 'cmake_clean_first': False, 'cmake_force_configure': False, 'cmake_target': None, 'cmake_target_skip_unavailable': False, 'install_base': '/home/andrea/dobot_v3/install/dobot_rviz', 'merge_install': False, 'path': '/home/andrea/dobot_v3/src/DOBOT_6Axis_ROS2_V3/dobot_rviz', 'symlink_install': False, 'test_result_base': None}
[0.422s] Level 5:colcon.colcon_core.verb:set package 'servo_action' build argument 'cmake_args' from command line to 'None'
[0.422s] Level 5:colcon.colcon_core.verb:set package 'servo_action' build argument 'cmake_target' from command line to 'None'
[0.422s] Level 5:colcon.colcon_core.verb:set package 'servo_action' build argument 'cmake_target_skip_unavailable' from command line to 'False'
[0.422s] Level 5:colcon.colcon_core.verb:set package 'servo_action' build argument 'cmake_clean_cache' from command line to 'False'
[0.422s] Level 5:colcon.colcon_core.verb:set package 'servo_action' build argument 'cmake_clean_first' from command line to 'False'
[0.422s] Level 5:colcon.colcon_core.verb:set package 'servo_action' build argument 'cmake_force_configure' from command line to 'False'
[0.422s] Level 5:colcon.colcon_core.verb:set package 'servo_action' build argument 'ament_cmake_args' from command line to 'None'
[0.422s] Level 5:colcon.colcon_core.verb:set package 'servo_action' build argument 'catkin_cmake_args' from command line to 'None'
[0.422s] Level 5:colcon.colcon_core.verb:set package 'servo_action' build argument 'catkin_skip_building_tests' from command line to 'False'
[0.422s] DEBUG:colcon.colcon_core.verb:Building package 'servo_action' with the following arguments: {'ament_cmake_args': None, 'build_base': '/home/andrea/dobot_v3/build/servo_action', 'catkin_cmake_args': None, 'catkin_skip_building_tests': False, 'cmake_args': None, 'cmake_clean_cache': False, 'cmake_clean_first': False, 'cmake_force_configure': False, 'cmake_target': None, 'cmake_target_skip_unavailable': False, 'install_base': '/home/andrea/dobot_v3/install/servo_action', 'merge_install': False, 'path': '/home/andrea/dobot_v3/src/DOBOT_6Axis_ROS2_V3/servo_action', 'symlink_install': False, 'test_result_base': None}
[0.422s] Level 5:colcon.colcon_core.verb:set package 'cr10_moveit' build argument 'cmake_args' from command line to 'None'
[0.422s] Level 5:colcon.colcon_core.verb:set package 'cr10_moveit' build argument 'cmake_target' from command line to 'None'
[0.422s] Level 5:colcon.colcon_core.verb:set package 'cr10_moveit' build argument 'cmake_target_skip_unavailable' from command line to 'False'
[0.422s] Level 5:colcon.colcon_core.verb:set package 'cr10_moveit' build argument 'cmake_clean_cache' from command line to 'False'
[0.422s] Level 5:colcon.colcon_core.verb:set package 'cr10_moveit' build argument 'cmake_clean_first' from command line to 'False'
[0.422s] Level 5:colcon.colcon_core.verb:set package 'cr10_moveit' build argument 'cmake_force_configure' from command line to 'False'
[0.422s] Level 5:colcon.colcon_core.verb:set package 'cr10_moveit' build argument 'ament_cmake_args' from command line to 'None'
[0.422s] Level 5:colcon.colcon_core.verb:set package 'cr10_moveit' build argument 'catkin_cmake_args' from command line to 'None'
[0.422s] Level 5:colcon.colcon_core.verb:set package 'cr10_moveit' build argument 'catkin_skip_building_tests' from command line to 'False'
[0.422s] DEBUG:colcon.colcon_core.verb:Building package 'cr10_moveit' with the following arguments: {'ament_cmake_args': None, 'build_base': '/home/andrea/dobot_v3/build/cr10_moveit', 'catkin_cmake_args': None, 'catkin_skip_building_tests': False, 'cmake_args': None, 'cmake_clean_cache': False, 'cmake_clean_first': False, 'cmake_force_configure': False, 'cmake_target': None, 'cmake_target_skip_unavailable': False, 'install_base': '/home/andrea/dobot_v3/install/cr10_moveit', 'merge_install': False, 'path': '/home/andrea/dobot_v3/src/DOBOT_6Axis_ROS2_V3/cr10_moveit', 'symlink_install': False, 'test_result_base': None}
[0.422s] Level 5:colcon.colcon_core.verb:set package 'cr12_moveit' build argument 'cmake_args' from command line to 'None'
[0.422s] Level 5:colcon.colcon_core.verb:set package 'cr12_moveit' build argument 'cmake_target' from command line to 'None'
[0.422s] Level 5:colcon.colcon_core.verb:set package 'cr12_moveit' build argument 'cmake_target_skip_unavailable' from command line to 'False'
[0.422s] Level 5:colcon.colcon_core.verb:set package 'cr12_moveit' build argument 'cmake_clean_cache' from command line to 'False'
[0.422s] Level 5:colcon.colcon_core.verb:set package 'cr12_moveit' build argument 'cmake_clean_first' from command line to 'False'
[0.422s] Level 5:colcon.colcon_core.verb:set package 'cr12_moveit' build argument 'cmake_force_configure' from command line to 'False'
[0.422s] Level 5:colcon.colcon_core.verb:set package 'cr12_moveit' build argument 'ament_cmake_args' from command line to 'None'
[0.422s] Level 5:colcon.colcon_core.verb:set package 'cr12_moveit' build argument 'catkin_cmake_args' from command line to 'None'
[0.422s] Level 5:colcon.colcon_core.verb:set package 'cr12_moveit' build argument 'catkin_skip_building_tests' from command line to 'False'
[0.422s] DEBUG:colcon.colcon_core.verb:Building package 'cr12_moveit' with the following arguments: {'ament_cmake_args': None, 'build_base': '/home/andrea/dobot_v3/build/cr12_moveit', 'catkin_cmake_args': None, 'catkin_skip_building_tests': False, 'cmake_args': None, 'cmake_clean_cache': False, 'cmake_clean_first': False, 'cmake_force_configure': False, 'cmake_target': None, 'cmake_target_skip_unavailable': False, 'install_base': '/home/andrea/dobot_v3/install/cr12_moveit', 'merge_install': False, 'path': '/home/andrea/dobot_v3/src/DOBOT_6Axis_ROS2_V3/cr12_moveit', 'symlink_install': False, 'test_result_base': None}
[0.423s] Level 5:colcon.colcon_core.verb:set package 'cr16_moveit' build argument 'cmake_args' from command line to 'None'
[0.423s] Level 5:colcon.colcon_core.verb:set package 'cr16_moveit' build argument 'cmake_target' from command line to 'None'
[0.423s] Level 5:colcon.colcon_core.verb:set package 'cr16_moveit' build argument 'cmake_target_skip_unavailable' from command line to 'False'
[0.423s] Level 5:colcon.colcon_core.verb:set package 'cr16_moveit' build argument 'cmake_clean_cache' from command line to 'False'
[0.423s] Level 5:colcon.colcon_core.verb:set package 'cr16_moveit' build argument 'cmake_clean_first' from command line to 'False'
[0.423s] Level 5:colcon.colcon_core.verb:set package 'cr16_moveit' build argument 'cmake_force_configure' from command line to 'False'
[0.423s] Level 5:colcon.colcon_core.verb:set package 'cr16_moveit' build argument 'ament_cmake_args' from command line to 'None'
[0.423s] Level 5:colcon.colcon_core.verb:set package 'cr16_moveit' build argument 'catkin_cmake_args' from command line to 'None'
[0.423s] Level 5:colcon.colcon_core.verb:set package 'cr16_moveit' build argument 'catkin_skip_building_tests' from command line to 'False'
[0.423s] DEBUG:colcon.colcon_core.verb:Building package 'cr16_moveit' with the following arguments: {'ament_cmake_args': None, 'build_base': '/home/andrea/dobot_v3/build/cr16_moveit', 'catkin_cmake_args': None, 'catkin_skip_building_tests': False, 'cmake_args': None, 'cmake_clean_cache': False, 'cmake_clean_first': False, 'cmake_force_configure': False, 'cmake_target': None, 'cmake_target_skip_unavailable': False, 'install_base': '/home/andrea/dobot_v3/install/cr16_moveit', 'merge_install': False, 'path': '/home/andrea/dobot_v3/src/DOBOT_6Axis_ROS2_V3/cr16_moveit', 'symlink_install': False, 'test_result_base': None}
[0.423s] Level 5:colcon.colcon_core.verb:set package 'cr3_moveit' build argument 'cmake_args' from command line to 'None'
[0.423s] Level 5:colcon.colcon_core.verb:set package 'cr3_moveit' build argument 'cmake_target' from command line to 'None'
[0.423s] Level 5:colcon.colcon_core.verb:set package 'cr3_moveit' build argument 'cmake_target_skip_unavailable' from command line to 'False'
[0.423s] Level 5:colcon.colcon_core.verb:set package 'cr3_moveit' build argument 'cmake_clean_cache' from command line to 'False'
[0.423s] Level 5:colcon.colcon_core.verb:set package 'cr3_moveit' build argument 'cmake_clean_first' from command line to 'False'
[0.423s] Level 5:colcon.colcon_core.verb:set package 'cr3_moveit' build argument 'cmake_force_configure' from command line to 'False'
[0.423s] Level 5:colcon.colcon_core.verb:set package 'cr3_moveit' build argument 'ament_cmake_args' from command line to 'None'
[0.423s] Level 5:colcon.colcon_core.verb:set package 'cr3_moveit' build argument 'catkin_cmake_args' from command line to 'None'
[0.423s] Level 5:colcon.colcon_core.verb:set package 'cr3_moveit' build argument 'catkin_skip_building_tests' from command line to 'False'
[0.423s] DEBUG:colcon.colcon_core.verb:Building package 'cr3_moveit' with the following arguments: {'ament_cmake_args': None, 'build_base': '/home/andrea/dobot_v3/build/cr3_moveit', 'catkin_cmake_args': None, 'catkin_skip_building_tests': False, 'cmake_args': None, 'cmake_clean_cache': False, 'cmake_clean_first': False, 'cmake_force_configure': False, 'cmake_target': None, 'cmake_target_skip_unavailable': False, 'install_base': '/home/andrea/dobot_v3/install/cr3_moveit', 'merge_install': False, 'path': '/home/andrea/dobot_v3/src/DOBOT_6Axis_ROS2_V3/cr3_moveit', 'symlink_install': False, 'test_result_base': None}
[0.423s] Level 5:colcon.colcon_core.verb:set package 'cr5_moveit' build argument 'cmake_args' from command line to 'None'
[0.423s] Level 5:colcon.colcon_core.verb:set package 'cr5_moveit' build argument 'cmake_target' from command line to 'None'
[0.423s] Level 5:colcon.colcon_core.verb:set package 'cr5_moveit' build argument 'cmake_target_skip_unavailable' from command line to 'False'
[0.423s] Level 5:colcon.colcon_core.verb:set package 'cr5_moveit' build argument 'cmake_clean_cache' from command line to 'False'
[0.423s] Level 5:colcon.colcon_core.verb:set package 'cr5_moveit' build argument 'cmake_clean_first' from command line to 'False'
[0.423s] Level 5:colcon.colcon_core.verb:set package 'cr5_moveit' build argument 'cmake_force_configure' from command line to 'False'
[0.423s] Level 5:colcon.colcon_core.verb:set package 'cr5_moveit' build argument 'ament_cmake_args' from command line to 'None'
[0.423s] Level 5:colcon.colcon_core.verb:set package 'cr5_moveit' build argument 'catkin_cmake_args' from command line to 'None'
[0.423s] Level 5:colcon.colcon_core.verb:set package 'cr5_moveit' build argument 'catkin_skip_building_tests' from command line to 'False'
[0.423s] DEBUG:colcon.colcon_core.verb:Building package 'cr5_moveit' with the following arguments: {'ament_cmake_args': None, 'build_base': '/home/andrea/dobot_v3/build/cr5_moveit', 'catkin_cmake_args': None, 'catkin_skip_building_tests': False, 'cmake_args': None, 'cmake_clean_cache': False, 'cmake_clean_first': False, 'cmake_force_configure': False, 'cmake_target': None, 'cmake_target_skip_unavailable': False, 'install_base': '/home/andrea/dobot_v3/install/cr5_moveit', 'merge_install': False, 'path': '/home/andrea/dobot_v3/src/DOBOT_6Axis_ROS2_V3/cr5_moveit', 'symlink_install': False, 'test_result_base': None}
[0.423s] Level 5:colcon.colcon_core.verb:set package 'cr5_moveit_cpp_demo' build argument 'cmake_args' from command line to 'None'
[0.424s] Level 5:colcon.colcon_core.verb:set package 'cr5_moveit_cpp_demo' build argument 'cmake_target' from command line to 'None'
[0.424s] Level 5:colcon.colcon_core.verb:set package 'cr5_moveit_cpp_demo' build argument 'cmake_target_skip_unavailable' from command line to 'False'
[0.424s] Level 5:colcon.colcon_core.verb:set package 'cr5_moveit_cpp_demo' build argument 'cmake_clean_cache' from command line to 'False'
[0.424s] Level 5:colcon.colcon_core.verb:set package 'cr5_moveit_cpp_demo' build argument 'cmake_clean_first' from command line to 'False'
[0.424s] Level 5:colcon.colcon_core.verb:set package 'cr5_moveit_cpp_demo' build argument 'cmake_force_configure' from command line to 'False'
[0.424s] Level 5:colcon.colcon_core.verb:set package 'cr5_moveit_cpp_demo' build argument 'ament_cmake_args' from command line to 'None'
[0.424s] Level 5:colcon.colcon_core.verb:set package 'cr5_moveit_cpp_demo' build argument 'catkin_cmake_args' from command line to 'None'
[0.424s] Level 5:colcon.colcon_core.verb:set package 'cr5_moveit_cpp_demo' build argument 'catkin_skip_building_tests' from command line to 'False'
[0.424s] DEBUG:colcon.colcon_core.verb:Building package 'cr5_moveit_cpp_demo' with the following arguments: {'ament_cmake_args': None, 'build_base': '/home/andrea/dobot_v3/build/cr5_moveit_cpp_demo', 'catkin_cmake_args': None, 'catkin_skip_building_tests': False, 'cmake_args': None, 'cmake_clean_cache': False, 'cmake_clean_first': False, 'cmake_force_configure': False, 'cmake_target': None, 'cmake_target_skip_unavailable': False, 'install_base': '/home/andrea/dobot_v3/install/cr5_moveit_cpp_demo', 'merge_install': False, 'path': '/home/andrea/dobot_v3/src/cr5_moveit_cpp_demo', 'symlink_install': False, 'test_result_base': None}
[0.424s] Level 5:colcon.colcon_core.verb:set package 'cr7_moveit' build argument 'cmake_args' from command line to 'None'
[0.424s] Level 5:colcon.colcon_core.verb:set package 'cr7_moveit' build argument 'cmake_target' from command line to 'None'
[0.424s] Level 5:colcon.colcon_core.verb:set package 'cr7_moveit' build argument 'cmake_target_skip_unavailable' from command line to 'False'
[0.424s] Level 5:colcon.colcon_core.verb:set package 'cr7_moveit' build argument 'cmake_clean_cache' from command line to 'False'
[0.424s] Level 5:colcon.colcon_core.verb:set package 'cr7_moveit' build argument 'cmake_clean_first' from command line to 'False'
[0.424s] Level 5:colcon.colcon_core.verb:set package 'cr7_moveit' build argument 'cmake_force_configure' from command line to 'False'
[0.424s] Level 5:colcon.colcon_core.verb:set package 'cr7_moveit' build argument 'ament_cmake_args' from command line to 'None'
[0.424s] Level 5:colcon.colcon_core.verb:set package 'cr7_moveit' build argument 'catkin_cmake_args' from command line to 'None'
[0.424s] Level 5:colcon.colcon_core.verb:set package 'cr7_moveit' build argument 'catkin_skip_building_tests' from command line to 'False'
[0.424s] DEBUG:colcon.colcon_core.verb:Building package 'cr7_moveit' with the following arguments: {'ament_cmake_args': None, 'build_base': '/home/andrea/dobot_v3/build/cr7_moveit', 'catkin_cmake_args': None, 'catkin_skip_building_tests': False, 'cmake_args': None, 'cmake_clean_cache': False, 'cmake_clean_first': False, 'cmake_force_configure': False, 'cmake_target': None, 'cmake_target_skip_unavailable': False, 'install_base': '/home/andrea/dobot_v3/install/cr7_moveit', 'merge_install': False, 'path': '/home/andrea/dobot_v3/src/DOBOT_6Axis_ROS2_V3/cr7_moveit', 'symlink_install': False, 'test_result_base': None}
[0.424s] Level 5:colcon.colcon_core.verb:set package 'dobot_bringup_v3' build argument 'cmake_args' from command line to 'None'
[0.424s] Level 5:colcon.colcon_core.verb:set package 'dobot_bringup_v3' build argument 'cmake_target' from command line to 'None'
[0.424s] Level 5:colcon.colcon_core.verb:set package 'dobot_bringup_v3' build argument 'cmake_target_skip_unavailable' from command line to 'False'
[0.424s] Level 5:colcon.colcon_core.verb:set package 'dobot_bringup_v3' build argument 'cmake_clean_cache' from command line to 'False'
[0.424s] Level 5:colcon.colcon_core.verb:set package 'dobot_bringup_v3' build argument 'cmake_clean_first' from command line to 'False'
[0.424s] Level 5:colcon.colcon_core.verb:set package 'dobot_bringup_v3' build argument 'cmake_force_configure' from command line to 'False'
[0.424s] Level 5:colcon.colcon_core.verb:set package 'dobot_bringup_v3' build argument 'ament_cmake_args' from command line to 'None'
[0.424s] Level 5:colcon.colcon_core.verb:set package 'dobot_bringup_v3' build argument 'catkin_cmake_args' from command line to 'None'
[0.424s] Level 5:colcon.colcon_core.verb:set package 'dobot_bringup_v3' build argument 'catkin_skip_building_tests' from command line to 'False'
[0.424s] DEBUG:colcon.colcon_core.verb:Building package 'dobot_bringup_v3' with the following arguments: {'ament_cmake_args': None, 'build_base': '/home/andrea/dobot_v3/build/dobot_bringup_v3', 'catkin_cmake_args': None, 'catkin_skip_building_tests': False, 'cmake_args': None, 'cmake_clean_cache': False, 'cmake_clean_first': False, 'cmake_force_configure': False, 'cmake_target': None, 'cmake_target_skip_unavailable': False, 'install_base': '/home/andrea/dobot_v3/install/dobot_bringup_v3', 'merge_install': False, 'path': '/home/andrea/dobot_v3/src/DOBOT_6Axis_ROS2_V3/dobot_bringup_v3', 'symlink_install': False, 'test_result_base': None}
[0.424s] Level 5:colcon.colcon_core.verb:set package 'dobot_gazebo' build argument 'cmake_args' from command line to 'None'
[0.424s] Level 5:colcon.colcon_core.verb:set package 'dobot_gazebo' build argument 'cmake_target' from command line to 'None'
[0.424s] Level 5:colcon.colcon_core.verb:set package 'dobot_gazebo' build argument 'cmake_target_skip_unavailable' from command line to 'False'
[0.424s] Level 5:colcon.colcon_core.verb:set package 'dobot_gazebo' build argument 'cmake_clean_cache' from command line to 'False'
[0.424s] Level 5:colcon.colcon_core.verb:set package 'dobot_gazebo' build argument 'cmake_clean_first' from command line to 'False'
[0.424s] Level 5:colcon.colcon_core.verb:set package 'dobot_gazebo' build argument 'cmake_force_configure' from command line to 'False'
[0.424s] Level 5:colcon.colcon_core.verb:set package 'dobot_gazebo' build argument 'ament_cmake_args' from command line to 'None'
[0.424s] Level 5:colcon.colcon_core.verb:set package 'dobot_gazebo' build argument 'catkin_cmake_args' from command line to 'None'
[0.425s] Level 5:colcon.colcon_core.verb:set package 'dobot_gazebo' build argument 'catkin_skip_building_tests' from command line to 'False'
[0.425s] DEBUG:colcon.colcon_core.verb:Building package 'dobot_gazebo' with the following arguments: {'ament_cmake_args': None, 'build_base': '/home/andrea/dobot_v3/build/dobot_gazebo', 'catkin_cmake_args': None, 'catkin_skip_building_tests': False, 'cmake_args': None, 'cmake_clean_cache': False, 'cmake_clean_first': False, 'cmake_force_configure': False, 'cmake_target': None, 'cmake_target_skip_unavailable': False, 'install_base': '/home/andrea/dobot_v3/install/dobot_gazebo', 'merge_install': False, 'path': '/home/andrea/dobot_v3/src/DOBOT_6Axis_ROS2_V3/dobot_gazebo', 'symlink_install': False, 'test_result_base': None}
[0.425s] Level 5:colcon.colcon_core.verb:set package 'nova2_moveit' build argument 'cmake_args' from command line to 'None'
[0.425s] Level 5:colcon.colcon_core.verb:set package 'nova2_moveit' build argument 'cmake_target' from command line to 'None'
[0.425s] Level 5:colcon.colcon_core.verb:set package 'nova2_moveit' build argument 'cmake_target_skip_unavailable' from command line to 'False'
[0.425s] Level 5:colcon.colcon_core.verb:set package 'nova2_moveit' build argument 'cmake_clean_cache' from command line to 'False'
[0.425s] Level 5:colcon.colcon_core.verb:set package 'nova2_moveit' build argument 'cmake_clean_first' from command line to 'False'
[0.425s] Level 5:colcon.colcon_core.verb:set package 'nova2_moveit' build argument 'cmake_force_configure' from command line to 'False'
[0.425s] Level 5:colcon.colcon_core.verb:set package 'nova2_moveit' build argument 'ament_cmake_args' from command line to 'None'
[0.425s] Level 5:colcon.colcon_core.verb:set package 'nova2_moveit' build argument 'catkin_cmake_args' from command line to 'None'
[0.425s] Level 5:colcon.colcon_core.verb:set package 'nova2_moveit' build argument 'catkin_skip_building_tests' from command line to 'False'
[0.425s] DEBUG:colcon.colcon_core.verb:Building package 'nova2_moveit' with the following arguments: {'ament_cmake_args': None, 'build_base': '/home/andrea/dobot_v3/build/nova2_moveit', 'catkin_cmake_args': None, 'catkin_skip_building_tests': False, 'cmake_args': None, 'cmake_clean_cache': False, 'cmake_clean_first': False, 'cmake_force_configure': False, 'cmake_target': None, 'cmake_target_skip_unavailable': False, 'install_base': '/home/andrea/dobot_v3/install/nova2_moveit', 'merge_install': False, 'path': '/home/andrea/dobot_v3/src/DOBOT_6Axis_ROS2_V3/nova2_moveit', 'symlink_install': False, 'test_result_base': None}
[0.425s] Level 5:colcon.colcon_core.verb:set package 'nova5_moveit' build argument 'cmake_args' from command line to 'None'
[0.425s] Level 5:colcon.colcon_core.verb:set package 'nova5_moveit' build argument 'cmake_target' from command line to 'None'
[0.425s] Level 5:colcon.colcon_core.verb:set package 'nova5_moveit' build argument 'cmake_target_skip_unavailable' from command line to 'False'
[0.425s] Level 5:colcon.colcon_core.verb:set package 'nova5_moveit' build argument 'cmake_clean_cache' from command line to 'False'
[0.425s] Level 5:colcon.colcon_core.verb:set package 'nova5_moveit' build argument 'cmake_clean_first' from command line to 'False'
[0.425s] Level 5:colcon.colcon_core.verb:set package 'nova5_moveit' build argument 'cmake_force_configure' from command line to 'False'
[0.425s] Level 5:colcon.colcon_core.verb:set package 'nova5_moveit' build argument 'ament_cmake_args' from command line to 'None'
[0.425s] Level 5:colcon.colcon_core.verb:set package 'nova5_moveit' build argument 'catkin_cmake_args' from command line to 'None'
[0.425s] Level 5:colcon.colcon_core.verb:set package 'nova5_moveit' build argument 'catkin_skip_building_tests' from command line to 'False'
[0.425s] DEBUG:colcon.colcon_core.verb:Building package 'nova5_moveit' with the following arguments: {'ament_cmake_args': None, 'build_base': '/home/andrea/dobot_v3/build/nova5_moveit', 'catkin_cmake_args': None, 'catkin_skip_building_tests': False, 'cmake_args': None, 'cmake_clean_cache': False, 'cmake_clean_first': False, 'cmake_force_configure': False, 'cmake_target': None, 'cmake_target_skip_unavailable': False, 'install_base': '/home/andrea/dobot_v3/install/nova5_moveit', 'merge_install': False, 'path': '/home/andrea/dobot_v3/src/DOBOT_6Axis_ROS2_V3/nova5_moveit', 'symlink_install': False, 'test_result_base': None}
[0.425s] INFO:colcon.colcon_core.executor:Executing jobs using 'parallel' executor
[0.426s] DEBUG:colcon.colcon_parallel_executor.executor.parallel:run_until_complete
[0.426s] INFO:colcon.colcon_ros.task.ament_cmake.build:Building ROS package in '/home/andrea/dobot_v3/src/DOBOT_6Axis_ROS2_V3/dobot_rviz' with build type 'ament_cmake'
[0.426s] INFO:colcon.colcon_cmake.task.cmake.build:Building CMake package in '/home/andrea/dobot_v3/src/DOBOT_6Axis_ROS2_V3/dobot_rviz'
[0.430s] INFO:colcon.colcon_core.plugin_system:Skipping extension 'colcon_core.shell.bat': Not used on non-Windows systems
[0.430s] INFO:colcon.colcon_core.shell:Skip shell extension 'powershell' for command environment: Not usable outside of PowerShell
[0.430s] DEBUG:colcon.colcon_core.shell:Skip shell extension 'dsv' for command environment
[0.433s] INFO:colcon.colcon_ros.task.ament_cmake.build:Building ROS package in '/home/andrea/dobot_v3/src/DOBOT_6Axis_ROS2_V3/cra_description' with build type 'ament_cmake'
[0.434s] INFO:colcon.colcon_cmake.task.cmake.build:Building CMake package in '/home/andrea/dobot_v3/src/DOBOT_6Axis_ROS2_V3/cra_description'
[0.434s] INFO:colcon.colcon_core.shell:Skip shell extension 'powershell' for command environment: Not usable outside of PowerShell
[0.434s] DEBUG:colcon.colcon_core.shell:Skip shell extension 'dsv' for command environment
[0.437s] INFO:colcon.colcon_ros.task.ament_cmake.build:Building ROS package in '/home/andrea/dobot_v3/src/custom_messages/custom_messages' with build type 'ament_cmake'
[0.437s] INFO:colcon.colcon_cmake.task.cmake.build:Building CMake package in '/home/andrea/dobot_v3/src/custom_messages/custom_messages'
[0.437s] INFO:colcon.colcon_core.shell:Skip shell extension 'powershell' for command environment: Not usable outside of PowerShell
[0.437s] DEBUG:colcon.colcon_core.shell:Skip shell extension 'dsv' for command environment
[0.444s] INFO:colcon.colcon_ros.task.ament_cmake.build:Building ROS package in '/home/andrea/dobot_v3/src/DOBOT_6Axis_ROS2_V3/dobot_msgs_v3' with build type 'ament_cmake'
[0.444s] INFO:colcon.colcon_cmake.task.cmake.build:Building CMake package in '/home/andrea/dobot_v3/src/DOBOT_6Axis_ROS2_V3/dobot_msgs_v3'
[0.444s] INFO:colcon.colcon_core.shell:Skip shell extension 'powershell' for command environment: Not usable outside of PowerShell
[0.444s] DEBUG:colcon.colcon_core.shell:Skip shell extension 'dsv' for command environment
[0.452s] INFO:colcon.colcon_ros.task.ament_python.build:Building ROS package in '/home/andrea/dobot_v3/src/DOBOT_6Axis_ROS2_V3/dobot_demo' with build type 'ament_python'
[0.452s] Level 1:colcon.colcon_core.shell:create_environment_hook('dobot_demo', 'ament_prefix_path')
[0.453s] INFO:colcon.colcon_core.shell:Creating environment hook '/home/andrea/dobot_v3/install/dobot_demo/share/dobot_demo/hook/ament_prefix_path.ps1'
[0.454s] INFO:colcon.colcon_core.shell:Creating environment descriptor '/home/andrea/dobot_v3/install/dobot_demo/share/dobot_demo/hook/ament_prefix_path.dsv'
[0.456s] INFO:colcon.colcon_core.shell:Creating environment hook '/home/andrea/dobot_v3/install/dobot_demo/share/dobot_demo/hook/ament_prefix_path.sh'
[0.457s] INFO:colcon.colcon_core.shell:Skip shell extension 'powershell' for command environment: Not usable outside of PowerShell
[0.457s] DEBUG:colcon.colcon_core.shell:Skip shell extension 'dsv' for command environment
[0.464s] INFO:colcon.colcon_ros.task.ament_python.build:Building ROS package in '/home/andrea/dobot_v3/src/DOBOT_6Axis_ROS2_V3/dobot_moveit' with build type 'ament_python'
[0.464s] Level 1:colcon.colcon_core.shell:create_environment_hook('dobot_moveit', 'ament_prefix_path')
[0.465s] INFO:colcon.colcon_core.shell:Creating environment hook '/home/andrea/dobot_v3/install/dobot_moveit/share/dobot_moveit/hook/ament_prefix_path.ps1'
[0.466s] INFO:colcon.colcon_core.shell:Creating environment descriptor '/home/andrea/dobot_v3/install/dobot_moveit/share/dobot_moveit/hook/ament_prefix_path.dsv'
[0.466s] INFO:colcon.colcon_core.shell:Creating environment hook '/home/andrea/dobot_v3/install/dobot_moveit/share/dobot_moveit/hook/ament_prefix_path.sh'
[0.467s] INFO:colcon.colcon_core.shell:Skip shell extension 'powershell' for command environment: Not usable outside of PowerShell
[0.467s] DEBUG:colcon.colcon_core.shell:Skip shell extension 'dsv' for command environment
[0.472s] INFO:colcon.colcon_ros.task.ament_python.build:Building ROS package in '/home/andrea/dobot_v3/src/DOBOT_6Axis_ROS2_V3/servo_action' with build type 'ament_python'
[0.472s] Level 1:colcon.colcon_core.shell:create_environment_hook('servo_action', 'ament_prefix_path')
[0.473s] INFO:colcon.colcon_core.shell:Creating environment hook '/home/andrea/dobot_v3/install/servo_action/share/servo_action/hook/ament_prefix_path.ps1'
[0.473s] INFO:colcon.colcon_core.shell:Creating environment descriptor '/home/andrea/dobot_v3/install/servo_action/share/servo_action/hook/ament_prefix_path.dsv'
[0.473s] INFO:colcon.colcon_core.shell:Creating environment hook '/home/andrea/dobot_v3/install/servo_action/share/servo_action/hook/ament_prefix_path.sh'
[0.474s] INFO:colcon.colcon_core.shell:Skip shell extension 'powershell' for command environment: Not usable outside of PowerShell
[0.474s] DEBUG:colcon.colcon_core.shell:Skip shell extension 'dsv' for command environment
[0.482s] DEBUG:colcon.colcon_core.event_handler.log_command:Invoking command in '/home/andrea/dobot_v3/build/dobot_rviz': CMAKE_PREFIX_PATH=${CMAKE_PREFIX_PATH}:/home/andrea/dobot_v3/install/servo_action:/home/andrea/dobot_v3/install/dobot_bringup_v3:/home/andrea/dobot_v3/install/dobot_moveit:/home/andrea/dobot_v3/install/dobot_demo:/opt/ros/humble /usr/bin/cmake --build /home/andrea/dobot_v3/build/dobot_rviz -- -j12 -l12
[0.485s] DEBUG:colcon.colcon_core.event_handler.log_command:Invoking command in '/home/andrea/dobot_v3/build/cra_description': CMAKE_PREFIX_PATH=${CMAKE_PREFIX_PATH}:/home/andrea/dobot_v3/install/servo_action:/home/andrea/dobot_v3/install/dobot_bringup_v3:/home/andrea/dobot_v3/install/dobot_moveit:/home/andrea/dobot_v3/install/dobot_demo:/opt/ros/humble /usr/bin/cmake --build /home/andrea/dobot_v3/build/cra_description -- -j12 -l12
[0.492s] DEBUG:colcon.colcon_core.event_handler.log_command:Invoking command in '/home/andrea/dobot_v3/build/custom_messages': CMAKE_PREFIX_PATH=${CMAKE_PREFIX_PATH}:/home/andrea/dobot_v3/install/servo_action:/home/andrea/dobot_v3/install/dobot_bringup_v3:/home/andrea/dobot_v3/install/dobot_moveit:/home/andrea/dobot_v3/install/dobot_demo:/opt/ros/humble /usr/bin/cmake --build /home/andrea/dobot_v3/build/custom_messages -- -j12 -l12
[0.498s] DEBUG:colcon.colcon_core.event_handler.log_command:Invoking command in '/home/andrea/dobot_v3/build/dobot_msgs_v3': CMAKE_PREFIX_PATH=${CMAKE_PREFIX_PATH}:/home/andrea/dobot_v3/install/servo_action:/home/andrea/dobot_v3/install/dobot_bringup_v3:/home/andrea/dobot_v3/install/dobot_moveit:/home/andrea/dobot_v3/install/dobot_demo:/opt/ros/humble /usr/bin/cmake --build /home/andrea/dobot_v3/build/dobot_msgs_v3 -- -j12 -l12
[0.797s] INFO:colcon.colcon_core.task.python.build:Building Python package in '/home/andrea/dobot_v3/src/DOBOT_6Axis_ROS2_V3/dobot_demo'
[0.797s] INFO:colcon.colcon_core.shell:Skip shell extension 'powershell' for command environment: Not usable outside of PowerShell
[0.797s] DEBUG:colcon.colcon_core.shell:Skip shell extension 'dsv' for command environment
[1.069s] INFO:colcon.colcon_core.task.python.build:Building Python package in '/home/andrea/dobot_v3/src/DOBOT_6Axis_ROS2_V3/dobot_moveit'
[1.069s] INFO:colcon.colcon_core.shell:Skip shell extension 'powershell' for command environment: Not usable outside of PowerShell
[1.069s] DEBUG:colcon.colcon_core.shell:Skip shell extension 'dsv' for command environment
[1.333s] INFO:colcon.colcon_core.task.python.build:Building Python package in '/home/andrea/dobot_v3/src/DOBOT_6Axis_ROS2_V3/servo_action'
[1.333s] INFO:colcon.colcon_core.shell:Skip shell extension 'powershell' for command environment: Not usable outside of PowerShell
[1.333s] DEBUG:colcon.colcon_core.shell:Skip shell extension 'dsv' for command environment
[1.337s] DEBUG:colcon.colcon_core.event_handler.log_command:Invoked command in '/home/andrea/dobot_v3/build/dobot_rviz' returned '0': CMAKE_PREFIX_PATH=${CMAKE_PREFIX_PATH}:/home/andrea/dobot_v3/install/servo_action:/home/andrea/dobot_v3/install/dobot_bringup_v3:/home/andrea/dobot_v3/install/dobot_moveit:/home/andrea/dobot_v3/install/dobot_demo:/opt/ros/humble /usr/bin/cmake --build /home/andrea/dobot_v3/build/dobot_rviz -- -j12 -l12
[1.348s] DEBUG:colcon.colcon_core.event_handler.log_command:Invoking command in '/home/andrea/dobot_v3/build/dobot_rviz': CMAKE_PREFIX_PATH=${CMAKE_PREFIX_PATH}:/home/andrea/dobot_v3/install/servo_action:/home/andrea/dobot_v3/install/dobot_bringup_v3:/home/andrea/dobot_v3/install/dobot_moveit:/home/andrea/dobot_v3/install/dobot_demo:/opt/ros/humble /usr/bin/cmake --install /home/andrea/dobot_v3/build/dobot_rviz
[1.349s] DEBUG:colcon.colcon_core.event_handler.log_command:Invoked command in '/home/andrea/dobot_v3/build/cra_description' returned '0': CMAKE_PREFIX_PATH=${CMAKE_PREFIX_PATH}:/home/andrea/dobot_v3/install/servo_action:/home/andrea/dobot_v3/install/dobot_bringup_v3:/home/andrea/dobot_v3/install/dobot_moveit:/home/andrea/dobot_v3/install/dobot_demo:/opt/ros/humble /usr/bin/cmake --build /home/andrea/dobot_v3/build/cra_description -- -j12 -l12
[1.351s] DEBUG:colcon.colcon_core.event_handler.log_command:Invoking command in '/home/andrea/dobot_v3/build/cra_description': CMAKE_PREFIX_PATH=${CMAKE_PREFIX_PATH}:/home/andrea/dobot_v3/install/servo_action:/home/andrea/dobot_v3/install/dobot_bringup_v3:/home/andrea/dobot_v3/install/dobot_moveit:/home/andrea/dobot_v3/install/dobot_demo:/opt/ros/humble /usr/bin/cmake --install /home/andrea/dobot_v3/build/cra_description
[1.361s] Level 1:colcon.colcon_core.environment:create_environment_scripts_only(dobot_rviz)
[1.374s] DEBUG:colcon.colcon_core.event_handler.log_command:Invoked command in '/home/andrea/dobot_v3/build/dobot_rviz' returned '0': CMAKE_PREFIX_PATH=${CMAKE_PREFIX_PATH}:/home/andrea/dobot_v3/install/servo_action:/home/andrea/dobot_v3/install/dobot_bringup_v3:/home/andrea/dobot_v3/install/dobot_moveit:/home/andrea/dobot_v3/install/dobot_demo:/opt/ros/humble /usr/bin/cmake --install /home/andrea/dobot_v3/build/dobot_rviz
[1.380s] Level 1:colcon.colcon_core.environment:checking '/home/andrea/dobot_v3/install/dobot_rviz' for CMake module files
[1.381s] Level 1:colcon.colcon_core.environment:checking '/home/andrea/dobot_v3/install/dobot_rviz' for CMake config files
[1.383s] Level 1:colcon.colcon_core.shell:create_environment_hook('dobot_rviz', 'cmake_prefix_path')
[1.384s] INFO:colcon.colcon_core.shell:Creating environment hook '/home/andrea/dobot_v3/install/dobot_rviz/share/dobot_rviz/hook/cmake_prefix_path.ps1'
[1.385s] INFO:colcon.colcon_core.shell:Creating environment descriptor '/home/andrea/dobot_v3/install/dobot_rviz/share/dobot_rviz/hook/cmake_prefix_path.dsv'
[1.385s] INFO:colcon.colcon_core.shell:Creating environment hook '/home/andrea/dobot_v3/install/dobot_rviz/share/dobot_rviz/hook/cmake_prefix_path.sh'
[1.386s] Level 1:colcon.colcon_core.environment:checking '/home/andrea/dobot_v3/install/dobot_rviz/bin'
[1.386s] Level 1:colcon.colcon_core.environment:checking '/home/andrea/dobot_v3/install/dobot_rviz/lib/pkgconfig/dobot_rviz.pc'
[1.386s] Level 1:colcon.colcon_core.environment:checking '/home/andrea/dobot_v3/install/dobot_rviz/lib/python3.10/site-packages'
[1.387s] Level 1:colcon.colcon_core.environment:checking '/home/andrea/dobot_v3/install/dobot_rviz/bin'
[1.387s] INFO:colcon.colcon_core.shell:Creating package script '/home/andrea/dobot_v3/install/dobot_rviz/share/dobot_rviz/package.ps1'
[1.390s] INFO:colcon.colcon_core.shell:Creating package descriptor '/home/andrea/dobot_v3/install/dobot_rviz/share/dobot_rviz/package.dsv'
[1.391s] INFO:colcon.colcon_core.shell:Creating package script '/home/andrea/dobot_v3/install/dobot_rviz/share/dobot_rviz/package.sh'
[1.392s] INFO:colcon.colcon_core.shell:Creating package script '/home/andrea/dobot_v3/install/dobot_rviz/share/dobot_rviz/package.bash'
[1.394s] INFO:colcon.colcon_core.shell:Creating package script '/home/andrea/dobot_v3/install/dobot_rviz/share/dobot_rviz/package.zsh'
[1.395s] Level 1:colcon.colcon_core.environment:create_file_with_runtime_dependencies(/home/andrea/dobot_v3/install/dobot_rviz/share/colcon-core/packages/dobot_rviz)
[1.396s] Level 1:colcon.colcon_core.environment:create_environment_scripts_only(dobot_rviz)
[1.396s] Level 1:colcon.colcon_core.environment:checking '/home/andrea/dobot_v3/install/dobot_rviz' for CMake module files
[1.397s] Level 1:colcon.colcon_core.environment:checking '/home/andrea/dobot_v3/install/dobot_rviz' for CMake config files
[1.398s] Level 1:colcon.colcon_core.shell:create_environment_hook('dobot_rviz', 'cmake_prefix_path')
[1.398s] INFO:colcon.colcon_core.shell:Creating environment hook '/home/andrea/dobot_v3/install/dobot_rviz/share/dobot_rviz/hook/cmake_prefix_path.ps1'
[1.399s] INFO:colcon.colcon_core.shell:Creating environment descriptor '/home/andrea/dobot_v3/install/dobot_rviz/share/dobot_rviz/hook/cmake_prefix_path.dsv'
[1.399s] INFO:colcon.colcon_core.shell:Creating environment hook '/home/andrea/dobot_v3/install/dobot_rviz/share/dobot_rviz/hook/cmake_prefix_path.sh'
[1.400s] Level 1:colcon.colcon_core.environment:checking '/home/andrea/dobot_v3/install/dobot_rviz/bin'
[1.400s] Level 1:colcon.colcon_core.environment:checking '/home/andrea/dobot_v3/install/dobot_rviz/lib/pkgconfig/dobot_rviz.pc'
[1.400s] Level 1:colcon.colcon_core.environment:checking '/home/andrea/dobot_v3/install/dobot_rviz/lib/python3.10/site-packages'
[1.401s] Level 1:colcon.colcon_core.environment:checking '/home/andrea/dobot_v3/install/dobot_rviz/bin'
[1.401s] INFO:colcon.colcon_core.shell:Creating package script '/home/andrea/dobot_v3/install/dobot_rviz/share/dobot_rviz/package.ps1'
[1.402s] INFO:colcon.colcon_core.shell:Creating package descriptor '/home/andrea/dobot_v3/install/dobot_rviz/share/dobot_rviz/package.dsv'
[1.403s] INFO:colcon.colcon_core.shell:Creating package script '/home/andrea/dobot_v3/install/dobot_rviz/share/dobot_rviz/package.sh'
[1.404s] INFO:colcon.colcon_core.shell:Creating package script '/home/andrea/dobot_v3/install/dobot_rviz/share/dobot_rviz/package.bash'
[1.404s] INFO:colcon.colcon_core.shell:Creating package script '/home/andrea/dobot_v3/install/dobot_rviz/share/dobot_rviz/package.zsh'
[1.405s] Level 1:colcon.colcon_core.environment:create_file_with_runtime_dependencies(/home/andrea/dobot_v3/install/dobot_rviz/share/colcon-core/packages/dobot_rviz)
[1.406s] INFO:colcon.colcon_ros.task.ament_cmake.build:Building ROS package in '/home/andrea/dobot_v3/src/DOBOT_6Axis_ROS2_V3/cr10_moveit' with build type 'ament_cmake'
[1.406s] INFO:colcon.colcon_cmake.task.cmake.build:Building CMake package in '/home/andrea/dobot_v3/src/DOBOT_6Axis_ROS2_V3/cr10_moveit'
[1.406s] INFO:colcon.colcon_core.shell:Skip shell extension 'powershell' for command environment: Not usable outside of PowerShell
[1.407s] DEBUG:colcon.colcon_core.shell:Skip shell extension 'dsv' for command environment
[1.413s] INFO:colcon.colcon_ros.task.ament_cmake.build:Building ROS package in '/home/andrea/dobot_v3/src/DOBOT_6Axis_ROS2_V3/cr12_moveit' with build type 'ament_cmake'
[1.413s] INFO:colcon.colcon_cmake.task.cmake.build:Building CMake package in '/home/andrea/dobot_v3/src/DOBOT_6Axis_ROS2_V3/cr12_moveit'
[1.414s] INFO:colcon.colcon_core.shell:Skip shell extension 'powershell' for command environment: Not usable outside of PowerShell
[1.414s] DEBUG:colcon.colcon_core.shell:Skip shell extension 'dsv' for command environment
[1.421s] INFO:colcon.colcon_ros.task.ament_cmake.build:Building ROS package in '/home/andrea/dobot_v3/src/DOBOT_6Axis_ROS2_V3/cr16_moveit' with build type 'ament_cmake'
[1.421s] INFO:colcon.colcon_cmake.task.cmake.build:Building CMake package in '/home/andrea/dobot_v3/src/DOBOT_6Axis_ROS2_V3/cr16_moveit'
[1.421s] INFO:colcon.colcon_core.shell:Skip shell extension 'powershell' for command environment: Not usable outside of PowerShell
[1.421s] DEBUG:colcon.colcon_core.shell:Skip shell extension 'dsv' for command environment
[1.428s] INFO:colcon.colcon_ros.task.ament_cmake.build:Building ROS package in '/home/andrea/dobot_v3/src/DOBOT_6Axis_ROS2_V3/cr3_moveit' with build type 'ament_cmake'
[1.428s] INFO:colcon.colcon_cmake.task.cmake.build:Building CMake package in '/home/andrea/dobot_v3/src/DOBOT_6Axis_ROS2_V3/cr3_moveit'
[1.429s] INFO:colcon.colcon_core.shell:Skip shell extension 'powershell' for command environment: Not usable outside of PowerShell
[1.429s] DEBUG:colcon.colcon_core.shell:Skip shell extension 'dsv' for command environment
[1.433s] INFO:colcon.colcon_ros.task.ament_cmake.build:Building ROS package in '/home/andrea/dobot_v3/src/DOBOT_6Axis_ROS2_V3/cr5_moveit' with build type 'ament_cmake'
[1.433s] INFO:colcon.colcon_cmake.task.cmake.build:Building CMake package in '/home/andrea/dobot_v3/src/DOBOT_6Axis_ROS2_V3/cr5_moveit'
[1.433s] INFO:colcon.colcon_core.shell:Skip shell extension 'powershell' for command environment: Not usable outside of PowerShell
[1.433s] DEBUG:colcon.colcon_core.shell:Skip shell extension 'dsv' for command environment
[1.440s] INFO:colcon.colcon_ros.task.ament_cmake.build:Building ROS package in '/home/andrea/dobot_v3/src/DOBOT_6Axis_ROS2_V3/cr7_moveit' with build type 'ament_cmake'
[1.441s] INFO:colcon.colcon_cmake.task.cmake.build:Building CMake package in '/home/andrea/dobot_v3/src/DOBOT_6Axis_ROS2_V3/cr7_moveit'
[1.441s] INFO:colcon.colcon_core.shell:Skip shell extension 'powershell' for command environment: Not usable outside of PowerShell
[1.441s] DEBUG:colcon.colcon_core.shell:Skip shell extension 'dsv' for command environment
[1.448s] Level 1:colcon.colcon_core.environment:create_environment_scripts_only(cra_description)
[1.448s] Level 1:colcon.colcon_core.environment:checking '/home/andrea/dobot_v3/install/cra_description' for CMake module files
[1.448s] DEBUG:colcon.colcon_core.event_handler.log_command:Invoked command in '/home/andrea/dobot_v3/build/cra_description' returned '0': CMAKE_PREFIX_PATH=${CMAKE_PREFIX_PATH}:/home/andrea/dobot_v3/install/servo_action:/home/andrea/dobot_v3/install/dobot_bringup_v3:/home/andrea/dobot_v3/install/dobot_moveit:/home/andrea/dobot_v3/install/dobot_demo:/opt/ros/humble /usr/bin/cmake --install /home/andrea/dobot_v3/build/cra_description
[1.448s] Level 1:colcon.colcon_core.environment:checking '/home/andrea/dobot_v3/install/cra_description' for CMake config files
[1.449s] Level 1:colcon.colcon_core.shell:create_environment_hook('cra_description', 'cmake_prefix_path')
[1.449s] INFO:colcon.colcon_core.shell:Creating environment hook '/home/andrea/dobot_v3/install/cra_description/share/cra_description/hook/cmake_prefix_path.ps1'
[1.449s] INFO:colcon.colcon_core.shell:Creating environment descriptor '/home/andrea/dobot_v3/install/cra_description/share/cra_description/hook/cmake_prefix_path.dsv'
[1.450s] INFO:colcon.colcon_core.shell:Creating environment hook '/home/andrea/dobot_v3/install/cra_description/share/cra_description/hook/cmake_prefix_path.sh'
[1.450s] Level 1:colcon.colcon_core.environment:checking '/home/andrea/dobot_v3/install/cra_description/bin'
[1.450s] Level 1:colcon.colcon_core.environment:checking '/home/andrea/dobot_v3/install/cra_description/lib/pkgconfig/cra_description.pc'
[1.450s] Level 1:colcon.colcon_core.environment:checking '/home/andrea/dobot_v3/install/cra_description/lib/python3.10/site-packages'
[1.450s] Level 1:colcon.colcon_core.environment:checking '/home/andrea/dobot_v3/install/cra_description/bin'
[1.451s] INFO:colcon.colcon_core.shell:Creating package script '/home/andrea/dobot_v3/install/cra_description/share/cra_description/package.ps1'
[1.451s] INFO:colcon.colcon_core.shell:Creating package descriptor '/home/andrea/dobot_v3/install/cra_description/share/cra_description/package.dsv'
[1.451s] INFO:colcon.colcon_core.shell:Creating package script '/home/andrea/dobot_v3/install/cra_description/share/cra_description/package.sh'
[1.451s] INFO:colcon.colcon_core.shell:Creating package script '/home/andrea/dobot_v3/install/cra_description/share/cra_description/package.bash'
[1.452s] INFO:colcon.colcon_core.shell:Creating package script '/home/andrea/dobot_v3/install/cra_description/share/cra_description/package.zsh'
[1.452s] Level 1:colcon.colcon_core.environment:create_file_with_runtime_dependencies(/home/andrea/dobot_v3/install/cra_description/share/colcon-core/packages/cra_description)
[1.452s] Level 1:colcon.colcon_core.environment:create_environment_scripts_only(cra_description)
[1.452s] Level 1:colcon.colcon_core.environment:checking '/home/andrea/dobot_v3/install/cra_description' for CMake module files
[1.452s] Level 1:colcon.colcon_core.environment:checking '/home/andrea/dobot_v3/install/cra_description' for CMake config files
[1.453s] Level 1:colcon.colcon_core.shell:create_environment_hook('cra_description', 'cmake_prefix_path')
[1.453s] INFO:colcon.colcon_core.shell:Creating environment hook '/home/andrea/dobot_v3/install/cra_description/share/cra_description/hook/cmake_prefix_path.ps1'
[1.453s] INFO:colcon.colcon_core.shell:Creating environment descriptor '/home/andrea/dobot_v3/install/cra_description/share/cra_description/hook/cmake_prefix_path.dsv'
[1.453s] INFO:colcon.colcon_core.shell:Creating environment hook '/home/andrea/dobot_v3/install/cra_description/share/cra_description/hook/cmake_prefix_path.sh'
[1.454s] Level 1:colcon.colcon_core.environment:checking '/home/andrea/dobot_v3/install/cra_description/bin'
[1.454s] Level 1:colcon.colcon_core.environment:checking '/home/andrea/dobot_v3/install/cra_description/lib/pkgconfig/cra_description.pc'
[1.454s] Level 1:colcon.colcon_core.environment:checking '/home/andrea/dobot_v3/install/cra_description/lib/python3.10/site-packages'
[1.454s] Level 1:colcon.colcon_core.environment:checking '/home/andrea/dobot_v3/install/cra_description/bin'
[1.454s] INFO:colcon.colcon_core.shell:Creating package script '/home/andrea/dobot_v3/install/cra_description/share/cra_description/package.ps1'
[1.455s] INFO:colcon.colcon_core.shell:Creating package descriptor '/home/andrea/dobot_v3/install/cra_description/share/cra_description/package.dsv'
[1.455s] INFO:colcon.colcon_core.shell:Creating package script '/home/andrea/dobot_v3/install/cra_description/share/cra_description/package.sh'
[1.455s] INFO:colcon.colcon_core.shell:Creating package script '/home/andrea/dobot_v3/install/cra_description/share/cra_description/package.bash'
[1.456s] INFO:colcon.colcon_core.shell:Creating package script '/home/andrea/dobot_v3/install/cra_description/share/cra_description/package.zsh'
[1.456s] Level 1:colcon.colcon_core.environment:create_file_with_runtime_dependencies(/home/andrea/dobot_v3/install/cra_description/share/colcon-core/packages/cra_description)
[1.457s] INFO:colcon.colcon_ros.task.ament_cmake.build:Building ROS package in '/home/andrea/dobot_v3/src/DOBOT_6Axis_ROS2_V3/dobot_gazebo' with build type 'ament_cmake'
[1.457s] INFO:colcon.colcon_cmake.task.cmake.build:Building CMake package in '/home/andrea/dobot_v3/src/DOBOT_6Axis_ROS2_V3/dobot_gazebo'
[1.457s] INFO:colcon.colcon_core.shell:Skip shell extension 'powershell' for command environment: Not usable outside of PowerShell
[1.458s] DEBUG:colcon.colcon_core.shell:Skip shell extension 'dsv' for command environment
[1.464s] DEBUG:colcon.colcon_core.event_handler.log_command:Invoking command in '/home/andrea/dobot_v3/build/cr10_moveit': CMAKE_PREFIX_PATH=/home/andrea/dobot_v3/install/dobot_rviz:/home/andrea/dobot_v3/install/nova5_moveit:/home/andrea/dobot_v3/install/nova2_moveit:/home/andrea/dobot_v3/install/cr7_moveit:/home/andrea/dobot_v3/install/cr5_moveit:/home/andrea/dobot_v3/install/cr3_moveit:/home/andrea/dobot_v3/install/cr16_moveit:/home/andrea/dobot_v3/install/cr12_moveit:/home/andrea/dobot_v3/install/cr10_moveit:/home/andrea/dobot_v3/install/dobot_msgs_v3:/home/andrea/dobot_v3/install/dobot_gazebo:/home/andrea/dobot_v3/install/cr5_moveit_cpp_demo:/home/andrea/dobot_v3/install/custom_messages:/home/andrea/dobot_v3/install/cra_description:/home/andrea/dobot_v3/install/servo_action:/home/andrea/dobot_v3/install/dobot_bringup_v3:/home/andrea/dobot_v3/install/dobot_moveit:/home/andrea/dobot_v3/install/dobot_demo:/opt/ros/humble /usr/bin/cmake --build /home/andrea/dobot_v3/build/cr10_moveit -- -j12 -l12
[1.470s] DEBUG:colcon.colcon_core.event_handler.log_command:Invoking command in '/home/andrea/dobot_v3/build/cr12_moveit': CMAKE_PREFIX_PATH=/home/andrea/dobot_v3/install/dobot_rviz:/home/andrea/dobot_v3/install/nova5_moveit:/home/andrea/dobot_v3/install/nova2_moveit:/home/andrea/dobot_v3/install/cr7_moveit:/home/andrea/dobot_v3/install/cr5_moveit:/home/andrea/dobot_v3/install/cr3_moveit:/home/andrea/dobot_v3/install/cr16_moveit:/home/andrea/dobot_v3/install/cr12_moveit:/home/andrea/dobot_v3/install/cr10_moveit:/home/andrea/dobot_v3/install/dobot_msgs_v3:/home/andrea/dobot_v3/install/dobot_gazebo:/home/andrea/dobot_v3/install/cr5_moveit_cpp_demo:/home/andrea/dobot_v3/install/custom_messages:/home/andrea/dobot_v3/install/cra_description:/home/andrea/dobot_v3/install/servo_action:/home/andrea/dobot_v3/install/dobot_bringup_v3:/home/andrea/dobot_v3/install/dobot_moveit:/home/andrea/dobot_v3/install/dobot_demo:/opt/ros/humble /usr/bin/cmake --build /home/andrea/dobot_v3/build/cr12_moveit -- -j12 -l12
[1.473s] DEBUG:colcon.colcon_core.event_handler.log_command:Invoking command in '/home/andrea/dobot_v3/build/cr16_moveit': CMAKE_PREFIX_PATH=/home/andrea/dobot_v3/install/dobot_rviz:/home/andrea/dobot_v3/install/nova5_moveit:/home/andrea/dobot_v3/install/nova2_moveit:/home/andrea/dobot_v3/install/cr7_moveit:/home/andrea/dobot_v3/install/cr5_moveit:/home/andrea/dobot_v3/install/cr3_moveit:/home/andrea/dobot_v3/install/cr16_moveit:/home/andrea/dobot_v3/install/cr12_moveit:/home/andrea/dobot_v3/install/cr10_moveit:/home/andrea/dobot_v3/install/dobot_msgs_v3:/home/andrea/dobot_v3/install/dobot_gazebo:/home/andrea/dobot_v3/install/cr5_moveit_cpp_demo:/home/andrea/dobot_v3/install/custom_messages:/home/andrea/dobot_v3/install/cra_description:/home/andrea/dobot_v3/install/servo_action:/home/andrea/dobot_v3/install/dobot_bringup_v3:/home/andrea/dobot_v3/install/dobot_moveit:/home/andrea/dobot_v3/install/dobot_demo:/opt/ros/humble /usr/bin/cmake --build /home/andrea/dobot_v3/build/cr16_moveit -- -j12 -l12
[1.476s] DEBUG:colcon.colcon_core.event_handler.log_command:Invoking command in '/home/andrea/dobot_v3/build/cr3_moveit': CMAKE_PREFIX_PATH=/home/andrea/dobot_v3/install/dobot_rviz:/home/andrea/dobot_v3/install/nova5_moveit:/home/andrea/dobot_v3/install/nova2_moveit:/home/andrea/dobot_v3/install/cr7_moveit:/home/andrea/dobot_v3/install/cr5_moveit:/home/andrea/dobot_v3/install/cr3_moveit:/home/andrea/dobot_v3/install/cr16_moveit:/home/andrea/dobot_v3/install/cr12_moveit:/home/andrea/dobot_v3/install/cr10_moveit:/home/andrea/dobot_v3/install/dobot_msgs_v3:/home/andrea/dobot_v3/install/dobot_gazebo:/home/andrea/dobot_v3/install/cr5_moveit_cpp_demo:/home/andrea/dobot_v3/install/custom_messages:/home/andrea/dobot_v3/install/cra_description:/home/andrea/dobot_v3/install/servo_action:/home/andrea/dobot_v3/install/dobot_bringup_v3:/home/andrea/dobot_v3/install/dobot_moveit:/home/andrea/dobot_v3/install/dobot_demo:/opt/ros/humble /usr/bin/cmake --build /home/andrea/dobot_v3/build/cr3_moveit -- -j12 -l12
[1.479s] DEBUG:colcon.colcon_core.event_handler.log_command:Invoking command in '/home/andrea/dobot_v3/build/cr5_moveit': CMAKE_PREFIX_PATH=/home/andrea/dobot_v3/install/dobot_rviz:/home/andrea/dobot_v3/install/nova5_moveit:/home/andrea/dobot_v3/install/nova2_moveit:/home/andrea/dobot_v3/install/cr7_moveit:/home/andrea/dobot_v3/install/cr5_moveit:/home/andrea/dobot_v3/install/cr3_moveit:/home/andrea/dobot_v3/install/cr16_moveit:/home/andrea/dobot_v3/install/cr12_moveit:/home/andrea/dobot_v3/install/cr10_moveit:/home/andrea/dobot_v3/install/dobot_msgs_v3:/home/andrea/dobot_v3/install/dobot_gazebo:/home/andrea/dobot_v3/install/cr5_moveit_cpp_demo:/home/andrea/dobot_v3/install/custom_messages:/home/andrea/dobot_v3/install/cra_description:/home/andrea/dobot_v3/install/servo_action:/home/andrea/dobot_v3/install/dobot_bringup_v3:/home/andrea/dobot_v3/install/dobot_moveit:/home/andrea/dobot_v3/install/dobot_demo:/opt/ros/humble /usr/bin/cmake --build /home/andrea/dobot_v3/build/cr5_moveit -- -j12 -l12
[1.487s] DEBUG:colcon.colcon_core.event_handler.log_command:Invoking command in '/home/andrea/dobot_v3/build/cr7_moveit': CMAKE_PREFIX_PATH=/home/andrea/dobot_v3/install/dobot_rviz:/home/andrea/dobot_v3/install/nova5_moveit:/home/andrea/dobot_v3/install/nova2_moveit:/home/andrea/dobot_v3/install/cr7_moveit:/home/andrea/dobot_v3/install/cr5_moveit:/home/andrea/dobot_v3/install/cr3_moveit:/home/andrea/dobot_v3/install/cr16_moveit:/home/andrea/dobot_v3/install/cr12_moveit:/home/andrea/dobot_v3/install/cr10_moveit:/home/andrea/dobot_v3/install/dobot_msgs_v3:/home/andrea/dobot_v3/install/dobot_gazebo:/home/andrea/dobot_v3/install/cr5_moveit_cpp_demo:/home/andrea/dobot_v3/install/custom_messages:/home/andrea/dobot_v3/install/cra_description:/home/andrea/dobot_v3/install/servo_action:/home/andrea/dobot_v3/install/dobot_bringup_v3:/home/andrea/dobot_v3/install/dobot_moveit:/home/andrea/dobot_v3/install/dobot_demo:/opt/ros/humble /usr/bin/cmake --build /home/andrea/dobot_v3/build/cr7_moveit -- -j12 -l12
[1.505s] DEBUG:colcon.colcon_core.event_handler.log_command:Invoking command in '/home/andrea/dobot_v3/build/dobot_gazebo': CMAKE_PREFIX_PATH=/home/andrea/dobot_v3/install/cra_description:/home/andrea/dobot_v3/install/nova5_moveit:/home/andrea/dobot_v3/install/nova2_moveit:/home/andrea/dobot_v3/install/cr7_moveit:/home/andrea/dobot_v3/install/cr5_moveit:/home/andrea/dobot_v3/install/cr3_moveit:/home/andrea/dobot_v3/install/cr16_moveit:/home/andrea/dobot_v3/install/cr12_moveit:/home/andrea/dobot_v3/install/cr10_moveit:/home/andrea/dobot_v3/install/dobot_rviz:/home/andrea/dobot_v3/install/dobot_msgs_v3:/home/andrea/dobot_v3/install/dobot_gazebo:/home/andrea/dobot_v3/install/cr5_moveit_cpp_demo:/home/andrea/dobot_v3/install/custom_messages:/home/andrea/dobot_v3/install/servo_action:/home/andrea/dobot_v3/install/dobot_bringup_v3:/home/andrea/dobot_v3/install/dobot_moveit:/home/andrea/dobot_v3/install/dobot_demo:/opt/ros/humble /usr/bin/cmake --build /home/andrea/dobot_v3/build/dobot_gazebo -- -j12 -l12
[1.522s] DEBUG:colcon.colcon_core.event_handler.log_command:Invoked command in '/home/andrea/dobot_v3/build/cr10_moveit' returned '0': CMAKE_PREFIX_PATH=/home/andrea/dobot_v3/install/dobot_rviz:/home/andrea/dobot_v3/install/nova5_moveit:/home/andrea/dobot_v3/install/nova2_moveit:/home/andrea/dobot_v3/install/cr7_moveit:/home/andrea/dobot_v3/install/cr5_moveit:/home/andrea/dobot_v3/install/cr3_moveit:/home/andrea/dobot_v3/install/cr16_moveit:/home/andrea/dobot_v3/install/cr12_moveit:/home/andrea/dobot_v3/install/cr10_moveit:/home/andrea/dobot_v3/install/dobot_msgs_v3:/home/andrea/dobot_v3/install/dobot_gazebo:/home/andrea/dobot_v3/install/cr5_moveit_cpp_demo:/home/andrea/dobot_v3/install/custom_messages:/home/andrea/dobot_v3/install/cra_description:/home/andrea/dobot_v3/install/servo_action:/home/andrea/dobot_v3/install/dobot_bringup_v3:/home/andrea/dobot_v3/install/dobot_moveit:/home/andrea/dobot_v3/install/dobot_demo:/opt/ros/humble /usr/bin/cmake --build /home/andrea/dobot_v3/build/cr10_moveit -- -j12 -l12
[1.530s] DEBUG:colcon.colcon_core.event_handler.log_command:Invoking command in '/home/andrea/dobot_v3/build/cr10_moveit': CMAKE_PREFIX_PATH=/home/andrea/dobot_v3/install/dobot_rviz:/home/andrea/dobot_v3/install/nova5_moveit:/home/andrea/dobot_v3/install/nova2_moveit:/home/andrea/dobot_v3/install/cr7_moveit:/home/andrea/dobot_v3/install/cr5_moveit:/home/andrea/dobot_v3/install/cr3_moveit:/home/andrea/dobot_v3/install/cr16_moveit:/home/andrea/dobot_v3/install/cr12_moveit:/home/andrea/dobot_v3/install/cr10_moveit:/home/andrea/dobot_v3/install/dobot_msgs_v3:/home/andrea/dobot_v3/install/dobot_gazebo:/home/andrea/dobot_v3/install/cr5_moveit_cpp_demo:/home/andrea/dobot_v3/install/custom_messages:/home/andrea/dobot_v3/install/cra_description:/home/andrea/dobot_v3/install/servo_action:/home/andrea/dobot_v3/install/dobot_bringup_v3:/home/andrea/dobot_v3/install/dobot_moveit:/home/andrea/dobot_v3/install/dobot_demo:/opt/ros/humble /usr/bin/cmake --install /home/andrea/dobot_v3/build/cr10_moveit
[1.541s] DEBUG:colcon.colcon_core.event_handler.log_command:Invoked command in '/home/andrea/dobot_v3/build/cr5_moveit' returned '0': CMAKE_PREFIX_PATH=/home/andrea/dobot_v3/install/dobot_rviz:/home/andrea/dobot_v3/install/nova5_moveit:/home/andrea/dobot_v3/install/nova2_moveit:/home/andrea/dobot_v3/install/cr7_moveit:/home/andrea/dobot_v3/install/cr5_moveit:/home/andrea/dobot_v3/install/cr3_moveit:/home/andrea/dobot_v3/install/cr16_moveit:/home/andrea/dobot_v3/install/cr12_moveit:/home/andrea/dobot_v3/install/cr10_moveit:/home/andrea/dobot_v3/install/dobot_msgs_v3:/home/andrea/dobot_v3/install/dobot_gazebo:/home/andrea/dobot_v3/install/cr5_moveit_cpp_demo:/home/andrea/dobot_v3/install/custom_messages:/home/andrea/dobot_v3/install/cra_description:/home/andrea/dobot_v3/install/servo_action:/home/andrea/dobot_v3/install/dobot_bringup_v3:/home/andrea/dobot_v3/install/dobot_moveit:/home/andrea/dobot_v3/install/dobot_demo:/opt/ros/humble /usr/bin/cmake --build /home/andrea/dobot_v3/build/cr5_moveit -- -j12 -l12
[1.542s] DEBUG:colcon.colcon_core.event_handler.log_command:Invoking command in '/home/andrea/dobot_v3/build/cr5_moveit': CMAKE_PREFIX_PATH=/home/andrea/dobot_v3/install/dobot_rviz:/home/andrea/dobot_v3/install/nova5_moveit:/home/andrea/dobot_v3/install/nova2_moveit:/home/andrea/dobot_v3/install/cr7_moveit:/home/andrea/dobot_v3/install/cr5_moveit:/home/andrea/dobot_v3/install/cr3_moveit:/home/andrea/dobot_v3/install/cr16_moveit:/home/andrea/dobot_v3/install/cr12_moveit:/home/andrea/dobot_v3/install/cr10_moveit:/home/andrea/dobot_v3/install/dobot_msgs_v3:/home/andrea/dobot_v3/install/dobot_gazebo:/home/andrea/dobot_v3/install/cr5_moveit_cpp_demo:/home/andrea/dobot_v3/install/custom_messages:/home/andrea/dobot_v3/install/cra_description:/home/andrea/dobot_v3/install/servo_action:/home/andrea/dobot_v3/install/dobot_bringup_v3:/home/andrea/dobot_v3/install/dobot_moveit:/home/andrea/dobot_v3/install/dobot_demo:/opt/ros/humble /usr/bin/cmake --install /home/andrea/dobot_v3/build/cr5_moveit
[1.542s] DEBUG:colcon.colcon_core.event_handler.log_command:Invoked command in '/home/andrea/dobot_v3/build/cr12_moveit' returned '0': CMAKE_PREFIX_PATH=/home/andrea/dobot_v3/install/dobot_rviz:/home/andrea/dobot_v3/install/nova5_moveit:/home/andrea/dobot_v3/install/nova2_moveit:/home/andrea/dobot_v3/install/cr7_moveit:/home/andrea/dobot_v3/install/cr5_moveit:/home/andrea/dobot_v3/install/cr3_moveit:/home/andrea/dobot_v3/install/cr16_moveit:/home/andrea/dobot_v3/install/cr12_moveit:/home/andrea/dobot_v3/install/cr10_moveit:/home/andrea/dobot_v3/install/dobot_msgs_v3:/home/andrea/dobot_v3/install/dobot_gazebo:/home/andrea/dobot_v3/install/cr5_moveit_cpp_demo:/home/andrea/dobot_v3/install/custom_messages:/home/andrea/dobot_v3/install/cra_description:/home/andrea/dobot_v3/install/servo_action:/home/andrea/dobot_v3/install/dobot_bringup_v3:/home/andrea/dobot_v3/install/dobot_moveit:/home/andrea/dobot_v3/install/dobot_demo:/opt/ros/humble /usr/bin/cmake --build /home/andrea/dobot_v3/build/cr12_moveit -- -j12 -l12
[1.543s] DEBUG:colcon.colcon_core.event_handler.log_command:Invoking command in '/home/andrea/dobot_v3/build/cr12_moveit': CMAKE_PREFIX_PATH=/home/andrea/dobot_v3/install/dobot_rviz:/home/andrea/dobot_v3/install/nova5_moveit:/home/andrea/dobot_v3/install/nova2_moveit:/home/andrea/dobot_v3/install/cr7_moveit:/home/andrea/dobot_v3/install/cr5_moveit:/home/andrea/dobot_v3/install/cr3_moveit:/home/andrea/dobot_v3/install/cr16_moveit:/home/andrea/dobot_v3/install/cr12_moveit:/home/andrea/dobot_v3/install/cr10_moveit:/home/andrea/dobot_v3/install/dobot_msgs_v3:/home/andrea/dobot_v3/install/dobot_gazebo:/home/andrea/dobot_v3/install/cr5_moveit_cpp_demo:/home/andrea/dobot_v3/install/custom_messages:/home/andrea/dobot_v3/install/cra_description:/home/andrea/dobot_v3/install/servo_action:/home/andrea/dobot_v3/install/dobot_bringup_v3:/home/andrea/dobot_v3/install/dobot_moveit:/home/andrea/dobot_v3/install/dobot_demo:/opt/ros/humble /usr/bin/cmake --install /home/andrea/dobot_v3/build/cr12_moveit
[1.544s] DEBUG:colcon.colcon_core.event_handler.log_command:Invoked command in '/home/andrea/dobot_v3/build/cr7_moveit' returned '0': CMAKE_PREFIX_PATH=/home/andrea/dobot_v3/install/dobot_rviz:/home/andrea/dobot_v3/install/nova5_moveit:/home/andrea/dobot_v3/install/nova2_moveit:/home/andrea/dobot_v3/install/cr7_moveit:/home/andrea/dobot_v3/install/cr5_moveit:/home/andrea/dobot_v3/install/cr3_moveit:/home/andrea/dobot_v3/install/cr16_moveit:/home/andrea/dobot_v3/install/cr12_moveit:/home/andrea/dobot_v3/install/cr10_moveit:/home/andrea/dobot_v3/install/dobot_msgs_v3:/home/andrea/dobot_v3/install/dobot_gazebo:/home/andrea/dobot_v3/install/cr5_moveit_cpp_demo:/home/andrea/dobot_v3/install/custom_messages:/home/andrea/dobot_v3/install/cra_description:/home/andrea/dobot_v3/install/servo_action:/home/andrea/dobot_v3/install/dobot_bringup_v3:/home/andrea/dobot_v3/install/dobot_moveit:/home/andrea/dobot_v3/install/dobot_demo:/opt/ros/humble /usr/bin/cmake --build /home/andrea/dobot_v3/build/cr7_moveit -- -j12 -l12
[1.547s] DEBUG:colcon.colcon_core.event_handler.log_command:Invoking command in '/home/andrea/dobot_v3/build/cr7_moveit': CMAKE_PREFIX_PATH=/home/andrea/dobot_v3/install/dobot_rviz:/home/andrea/dobot_v3/install/nova5_moveit:/home/andrea/dobot_v3/install/nova2_moveit:/home/andrea/dobot_v3/install/cr7_moveit:/home/andrea/dobot_v3/install/cr5_moveit:/home/andrea/dobot_v3/install/cr3_moveit:/home/andrea/dobot_v3/install/cr16_moveit:/home/andrea/dobot_v3/install/cr12_moveit:/home/andrea/dobot_v3/install/cr10_moveit:/home/andrea/dobot_v3/install/dobot_msgs_v3:/home/andrea/dobot_v3/install/dobot_gazebo:/home/andrea/dobot_v3/install/cr5_moveit_cpp_demo:/home/andrea/dobot_v3/install/custom_messages:/home/andrea/dobot_v3/install/cra_description:/home/andrea/dobot_v3/install/servo_action:/home/andrea/dobot_v3/install/dobot_bringup_v3:/home/andrea/dobot_v3/install/dobot_moveit:/home/andrea/dobot_v3/install/dobot_demo:/opt/ros/humble /usr/bin/cmake --install /home/andrea/dobot_v3/build/cr7_moveit
[1.551s] Level 1:colcon.colcon_core.environment:create_environment_scripts_only(cr10_moveit)
[1.552s] Level 1:colcon.colcon_core.environment:checking '/home/andrea/dobot_v3/install/cr10_moveit' for CMake module files
[1.555s] Level 1:colcon.colcon_core.environment:checking '/home/andrea/dobot_v3/install/cr10_moveit' for CMake config files
[1.556s] DEBUG:colcon.colcon_core.event_handler.log_command:Invoked command in '/home/andrea/dobot_v3/build/cr10_moveit' returned '0': CMAKE_PREFIX_PATH=/home/andrea/dobot_v3/install/dobot_rviz:/home/andrea/dobot_v3/install/nova5_moveit:/home/andrea/dobot_v3/install/nova2_moveit:/home/andrea/dobot_v3/install/cr7_moveit:/home/andrea/dobot_v3/install/cr5_moveit:/home/andrea/dobot_v3/install/cr3_moveit:/home/andrea/dobot_v3/install/cr16_moveit:/home/andrea/dobot_v3/install/cr12_moveit:/home/andrea/dobot_v3/install/cr10_moveit:/home/andrea/dobot_v3/install/dobot_msgs_v3:/home/andrea/dobot_v3/install/dobot_gazebo:/home/andrea/dobot_v3/install/cr5_moveit_cpp_demo:/home/andrea/dobot_v3/install/custom_messages:/home/andrea/dobot_v3/install/cra_description:/home/andrea/dobot_v3/install/servo_action:/home/andrea/dobot_v3/install/dobot_bringup_v3:/home/andrea/dobot_v3/install/dobot_moveit:/home/andrea/dobot_v3/install/dobot_demo:/opt/ros/humble /usr/bin/cmake --install /home/andrea/dobot_v3/build/cr10_moveit
[1.556s] Level 1:colcon.colcon_core.shell:create_environment_hook('cr10_moveit', 'cmake_prefix_path')
[1.557s] INFO:colcon.colcon_core.shell:Creating environment hook '/home/andrea/dobot_v3/install/cr10_moveit/share/cr10_moveit/hook/cmake_prefix_path.ps1'
[1.558s] INFO:colcon.colcon_core.shell:Creating environment descriptor '/home/andrea/dobot_v3/install/cr10_moveit/share/cr10_moveit/hook/cmake_prefix_path.dsv'
[1.558s] INFO:colcon.colcon_core.shell:Creating environment hook '/home/andrea/dobot_v3/install/cr10_moveit/share/cr10_moveit/hook/cmake_prefix_path.sh'
[1.559s] Level 1:colcon.colcon_core.environment:checking '/home/andrea/dobot_v3/install/cr10_moveit/bin'
[1.559s] Level 1:colcon.colcon_core.environment:checking '/home/andrea/dobot_v3/install/cr10_moveit/lib/pkgconfig/cr10_moveit.pc'
[1.559s] Level 1:colcon.colcon_core.environment:checking '/home/andrea/dobot_v3/install/cr10_moveit/lib/python3.10/site-packages'
[1.559s] Level 1:colcon.colcon_core.environment:checking '/home/andrea/dobot_v3/install/cr10_moveit/bin'
[1.560s] INFO:colcon.colcon_core.shell:Creating package script '/home/andrea/dobot_v3/install/cr10_moveit/share/cr10_moveit/package.ps1'
[1.560s] INFO:colcon.colcon_core.shell:Creating package descriptor '/home/andrea/dobot_v3/install/cr10_moveit/share/cr10_moveit/package.dsv'
[1.561s] INFO:colcon.colcon_core.shell:Creating package script '/home/andrea/dobot_v3/install/cr10_moveit/share/cr10_moveit/package.sh'
[1.561s] INFO:colcon.colcon_core.shell:Creating package script '/home/andrea/dobot_v3/install/cr10_moveit/share/cr10_moveit/package.bash'
[1.561s] INFO:colcon.colcon_core.shell:Creating package script '/home/andrea/dobot_v3/install/cr10_moveit/share/cr10_moveit/package.zsh'
[1.561s] Level 1:colcon.colcon_core.environment:create_file_with_runtime_dependencies(/home/andrea/dobot_v3/install/cr10_moveit/share/colcon-core/packages/cr10_moveit)
[1.562s] Level 1:colcon.colcon_core.environment:create_environment_scripts_only(cr10_moveit)
[1.562s] Level 1:colcon.colcon_core.environment:checking '/home/andrea/dobot_v3/install/cr10_moveit' for CMake module files
[1.562s] Level 1:colcon.colcon_core.environment:checking '/home/andrea/dobot_v3/install/cr10_moveit' for CMake config files
[1.562s] Level 1:colcon.colcon_core.shell:create_environment_hook('cr10_moveit', 'cmake_prefix_path')
[1.562s] INFO:colcon.colcon_core.shell:Creating environment hook '/home/andrea/dobot_v3/install/cr10_moveit/share/cr10_moveit/hook/cmake_prefix_path.ps1'
[1.562s] INFO:colcon.colcon_core.shell:Creating environment descriptor '/home/andrea/dobot_v3/install/cr10_moveit/share/cr10_moveit/hook/cmake_prefix_path.dsv'
[1.563s] INFO:colcon.colcon_core.shell:Creating environment hook '/home/andrea/dobot_v3/install/cr10_moveit/share/cr10_moveit/hook/cmake_prefix_path.sh'
[1.563s] Level 1:colcon.colcon_core.environment:checking '/home/andrea/dobot_v3/install/cr10_moveit/bin'
[1.563s] Level 1:colcon.colcon_core.environment:checking '/home/andrea/dobot_v3/install/cr10_moveit/lib/pkgconfig/cr10_moveit.pc'
[1.563s] Level 1:colcon.colcon_core.environment:checking '/home/andrea/dobot_v3/install/cr10_moveit/lib/python3.10/site-packages'
[1.563s] Level 1:colcon.colcon_core.environment:checking '/home/andrea/dobot_v3/install/cr10_moveit/bin'
[1.564s] INFO:colcon.colcon_core.shell:Creating package script '/home/andrea/dobot_v3/install/cr10_moveit/share/cr10_moveit/package.ps1'
[1.564s] INFO:colcon.colcon_core.shell:Creating package descriptor '/home/andrea/dobot_v3/install/cr10_moveit/share/cr10_moveit/package.dsv'
[1.564s] INFO:colcon.colcon_core.shell:Creating package script '/home/andrea/dobot_v3/install/cr10_moveit/share/cr10_moveit/package.sh'
[1.565s] INFO:colcon.colcon_core.shell:Creating package script '/home/andrea/dobot_v3/install/cr10_moveit/share/cr10_moveit/package.bash'
[1.565s] INFO:colcon.colcon_core.shell:Creating package script '/home/andrea/dobot_v3/install/cr10_moveit/share/cr10_moveit/package.zsh'
[1.565s] Level 1:colcon.colcon_core.environment:create_file_with_runtime_dependencies(/home/andrea/dobot_v3/install/cr10_moveit/share/colcon-core/packages/cr10_moveit)
[1.570s] INFO:colcon.colcon_ros.task.ament_cmake.build:Building ROS package in '/home/andrea/dobot_v3/src/DOBOT_6Axis_ROS2_V3/nova2_moveit' with build type 'ament_cmake'
[1.570s] DEBUG:colcon.colcon_core.event_handler.log_command:Invoked command in '/home/andrea/dobot_v3/build/cr16_moveit' returned '0': CMAKE_PREFIX_PATH=/home/andrea/dobot_v3/install/dobot_rviz:/home/andrea/dobot_v3/install/nova5_moveit:/home/andrea/dobot_v3/install/nova2_moveit:/home/andrea/dobot_v3/install/cr7_moveit:/home/andrea/dobot_v3/install/cr5_moveit:/home/andrea/dobot_v3/install/cr3_moveit:/home/andrea/dobot_v3/install/cr16_moveit:/home/andrea/dobot_v3/install/cr12_moveit:/home/andrea/dobot_v3/install/cr10_moveit:/home/andrea/dobot_v3/install/dobot_msgs_v3:/home/andrea/dobot_v3/install/dobot_gazebo:/home/andrea/dobot_v3/install/cr5_moveit_cpp_demo:/home/andrea/dobot_v3/install/custom_messages:/home/andrea/dobot_v3/install/cra_description:/home/andrea/dobot_v3/install/servo_action:/home/andrea/dobot_v3/install/dobot_bringup_v3:/home/andrea/dobot_v3/install/dobot_moveit:/home/andrea/dobot_v3/install/dobot_demo:/opt/ros/humble /usr/bin/cmake --build /home/andrea/dobot_v3/build/cr16_moveit -- -j12 -l12
[1.570s] INFO:colcon.colcon_cmake.task.cmake.build:Building CMake package in '/home/andrea/dobot_v3/src/DOBOT_6Axis_ROS2_V3/nova2_moveit'
[1.571s] INFO:colcon.colcon_core.shell:Skip shell extension 'powershell' for command environment: Not usable outside of PowerShell
[1.571s] DEBUG:colcon.colcon_core.shell:Skip shell extension 'dsv' for command environment
[1.573s] DEBUG:colcon.colcon_core.event_handler.log_command:Invoking command in '/home/andrea/dobot_v3/build/cr16_moveit': CMAKE_PREFIX_PATH=/home/andrea/dobot_v3/install/dobot_rviz:/home/andrea/dobot_v3/install/nova5_moveit:/home/andrea/dobot_v3/install/nova2_moveit:/home/andrea/dobot_v3/install/cr7_moveit:/home/andrea/dobot_v3/install/cr5_moveit:/home/andrea/dobot_v3/install/cr3_moveit:/home/andrea/dobot_v3/install/cr16_moveit:/home/andrea/dobot_v3/install/cr12_moveit:/home/andrea/dobot_v3/install/cr10_moveit:/home/andrea/dobot_v3/install/dobot_msgs_v3:/home/andrea/dobot_v3/install/dobot_gazebo:/home/andrea/dobot_v3/install/cr5_moveit_cpp_demo:/home/andrea/dobot_v3/install/custom_messages:/home/andrea/dobot_v3/install/cra_description:/home/andrea/dobot_v3/install/servo_action:/home/andrea/dobot_v3/install/dobot_bringup_v3:/home/andrea/dobot_v3/install/dobot_moveit:/home/andrea/dobot_v3/install/dobot_demo:/opt/ros/humble /usr/bin/cmake --install /home/andrea/dobot_v3/build/cr16_moveit
[1.577s] DEBUG:colcon.colcon_core.event_handler.log_command:Invoked command in '/home/andrea/dobot_v3/build/cr3_moveit' returned '0': CMAKE_PREFIX_PATH=/home/andrea/dobot_v3/install/dobot_rviz:/home/andrea/dobot_v3/install/nova5_moveit:/home/andrea/dobot_v3/install/nova2_moveit:/home/andrea/dobot_v3/install/cr7_moveit:/home/andrea/dobot_v3/install/cr5_moveit:/home/andrea/dobot_v3/install/cr3_moveit:/home/andrea/dobot_v3/install/cr16_moveit:/home/andrea/dobot_v3/install/cr12_moveit:/home/andrea/dobot_v3/install/cr10_moveit:/home/andrea/dobot_v3/install/dobot_msgs_v3:/home/andrea/dobot_v3/install/dobot_gazebo:/home/andrea/dobot_v3/install/cr5_moveit_cpp_demo:/home/andrea/dobot_v3/install/custom_messages:/home/andrea/dobot_v3/install/cra_description:/home/andrea/dobot_v3/install/servo_action:/home/andrea/dobot_v3/install/dobot_bringup_v3:/home/andrea/dobot_v3/install/dobot_moveit:/home/andrea/dobot_v3/install/dobot_demo:/opt/ros/humble /usr/bin/cmake --build /home/andrea/dobot_v3/build/cr3_moveit -- -j12 -l12
[1.580s] DEBUG:colcon.colcon_core.event_handler.log_command:Invoking command in '/home/andrea/dobot_v3/build/cr3_moveit': CMAKE_PREFIX_PATH=/home/andrea/dobot_v3/install/dobot_rviz:/home/andrea/dobot_v3/install/nova5_moveit:/home/andrea/dobot_v3/install/nova2_moveit:/home/andrea/dobot_v3/install/cr7_moveit:/home/andrea/dobot_v3/install/cr5_moveit:/home/andrea/dobot_v3/install/cr3_moveit:/home/andrea/dobot_v3/install/cr16_moveit:/home/andrea/dobot_v3/install/cr12_moveit:/home/andrea/dobot_v3/install/cr10_moveit:/home/andrea/dobot_v3/install/dobot_msgs_v3:/home/andrea/dobot_v3/install/dobot_gazebo:/home/andrea/dobot_v3/install/cr5_moveit_cpp_demo:/home/andrea/dobot_v3/install/custom_messages:/home/andrea/dobot_v3/install/cra_description:/home/andrea/dobot_v3/install/servo_action:/home/andrea/dobot_v3/install/dobot_bringup_v3:/home/andrea/dobot_v3/install/dobot_moveit:/home/andrea/dobot_v3/install/dobot_demo:/opt/ros/humble /usr/bin/cmake --install /home/andrea/dobot_v3/build/cr3_moveit
[1.581s] DEBUG:colcon.colcon_core.event_handler.log_command:Invoked command in '/home/andrea/dobot_v3/build/dobot_gazebo' returned '0': CMAKE_PREFIX_PATH=/home/andrea/dobot_v3/install/cra_description:/home/andrea/dobot_v3/install/nova5_moveit:/home/andrea/dobot_v3/install/nova2_moveit:/home/andrea/dobot_v3/install/cr7_moveit:/home/andrea/dobot_v3/install/cr5_moveit:/home/andrea/dobot_v3/install/cr3_moveit:/home/andrea/dobot_v3/install/cr16_moveit:/home/andrea/dobot_v3/install/cr12_moveit:/home/andrea/dobot_v3/install/cr10_moveit:/home/andrea/dobot_v3/install/dobot_rviz:/home/andrea/dobot_v3/install/dobot_msgs_v3:/home/andrea/dobot_v3/install/dobot_gazebo:/home/andrea/dobot_v3/install/cr5_moveit_cpp_demo:/home/andrea/dobot_v3/install/custom_messages:/home/andrea/dobot_v3/install/servo_action:/home/andrea/dobot_v3/install/dobot_bringup_v3:/home/andrea/dobot_v3/install/dobot_moveit:/home/andrea/dobot_v3/install/dobot_demo:/opt/ros/humble /usr/bin/cmake --build /home/andrea/dobot_v3/build/dobot_gazebo -- -j12 -l12
[1.583s] Level 1:colcon.colcon_core.environment:create_environment_scripts_only(cr5_moveit)
[1.583s] Level 1:colcon.colcon_core.environment:checking '/home/andrea/dobot_v3/install/cr5_moveit' for CMake module files
[1.584s] DEBUG:colcon.colcon_core.event_handler.log_command:Invoking command in '/home/andrea/dobot_v3/build/dobot_gazebo': CMAKE_PREFIX_PATH=/home/andrea/dobot_v3/install/cra_description:/home/andrea/dobot_v3/install/nova5_moveit:/home/andrea/dobot_v3/install/nova2_moveit:/home/andrea/dobot_v3/install/cr7_moveit:/home/andrea/dobot_v3/install/cr5_moveit:/home/andrea/dobot_v3/install/cr3_moveit:/home/andrea/dobot_v3/install/cr16_moveit:/home/andrea/dobot_v3/install/cr12_moveit:/home/andrea/dobot_v3/install/cr10_moveit:/home/andrea/dobot_v3/install/dobot_rviz:/home/andrea/dobot_v3/install/dobot_msgs_v3:/home/andrea/dobot_v3/install/dobot_gazebo:/home/andrea/dobot_v3/install/cr5_moveit_cpp_demo:/home/andrea/dobot_v3/install/custom_messages:/home/andrea/dobot_v3/install/servo_action:/home/andrea/dobot_v3/install/dobot_bringup_v3:/home/andrea/dobot_v3/install/dobot_moveit:/home/andrea/dobot_v3/install/dobot_demo:/opt/ros/humble /usr/bin/cmake --install /home/andrea/dobot_v3/build/dobot_gazebo
[1.584s] Level 1:colcon.colcon_core.environment:checking '/home/andrea/dobot_v3/install/cr5_moveit' for CMake config files
[1.584s] DEBUG:colcon.colcon_core.event_handler.log_command:Invoked command in '/home/andrea/dobot_v3/build/cr5_moveit' returned '0': CMAKE_PREFIX_PATH=/home/andrea/dobot_v3/install/dobot_rviz:/home/andrea/dobot_v3/install/nova5_moveit:/home/andrea/dobot_v3/install/nova2_moveit:/home/andrea/dobot_v3/install/cr7_moveit:/home/andrea/dobot_v3/install/cr5_moveit:/home/andrea/dobot_v3/install/cr3_moveit:/home/andrea/dobot_v3/install/cr16_moveit:/home/andrea/dobot_v3/install/cr12_moveit:/home/andrea/dobot_v3/install/cr10_moveit:/home/andrea/dobot_v3/install/dobot_msgs_v3:/home/andrea/dobot_v3/install/dobot_gazebo:/home/andrea/dobot_v3/install/cr5_moveit_cpp_demo:/home/andrea/dobot_v3/install/custom_messages:/home/andrea/dobot_v3/install/cra_description:/home/andrea/dobot_v3/install/servo_action:/home/andrea/dobot_v3/install/dobot_bringup_v3:/home/andrea/dobot_v3/install/dobot_moveit:/home/andrea/dobot_v3/install/dobot_demo:/opt/ros/humble /usr/bin/cmake --install /home/andrea/dobot_v3/build/cr5_moveit
[1.584s] Level 1:colcon.colcon_core.shell:create_environment_hook('cr5_moveit', 'cmake_prefix_path')
[1.585s] INFO:colcon.colcon_core.shell:Creating environment hook '/home/andrea/dobot_v3/install/cr5_moveit/share/cr5_moveit/hook/cmake_prefix_path.ps1'
[1.585s] INFO:colcon.colcon_core.shell:Creating environment descriptor '/home/andrea/dobot_v3/install/cr5_moveit/share/cr5_moveit/hook/cmake_prefix_path.dsv'
[1.586s] INFO:colcon.colcon_core.shell:Creating environment hook '/home/andrea/dobot_v3/install/cr5_moveit/share/cr5_moveit/hook/cmake_prefix_path.sh'
[1.587s] Level 1:colcon.colcon_core.environment:checking '/home/andrea/dobot_v3/install/cr5_moveit/bin'
[1.587s] Level 1:colcon.colcon_core.environment:checking '/home/andrea/dobot_v3/install/cr5_moveit/lib/pkgconfig/cr5_moveit.pc'
[1.587s] Level 1:colcon.colcon_core.environment:checking '/home/andrea/dobot_v3/install/cr5_moveit/lib/python3.10/site-packages'
[1.588s] Level 1:colcon.colcon_core.environment:checking '/home/andrea/dobot_v3/install/cr5_moveit/bin'
[1.588s] INFO:colcon.colcon_core.shell:Creating package script '/home/andrea/dobot_v3/install/cr5_moveit/share/cr5_moveit/package.ps1'
[1.589s] INFO:colcon.colcon_core.shell:Creating package descriptor '/home/andrea/dobot_v3/install/cr5_moveit/share/cr5_moveit/package.dsv'
[1.590s] INFO:colcon.colcon_core.shell:Creating package script '/home/andrea/dobot_v3/install/cr5_moveit/share/cr5_moveit/package.sh'
[1.590s] INFO:colcon.colcon_core.shell:Creating package script '/home/andrea/dobot_v3/install/cr5_moveit/share/cr5_moveit/package.bash'
[1.591s] INFO:colcon.colcon_core.shell:Creating package script '/home/andrea/dobot_v3/install/cr5_moveit/share/cr5_moveit/package.zsh'
[1.591s] Level 1:colcon.colcon_core.environment:create_file_with_runtime_dependencies(/home/andrea/dobot_v3/install/cr5_moveit/share/colcon-core/packages/cr5_moveit)
[1.592s] Level 1:colcon.colcon_core.environment:create_environment_scripts_only(cr5_moveit)
[1.592s] Level 1:colcon.colcon_core.environment:checking '/home/andrea/dobot_v3/install/cr5_moveit' for CMake module files
[1.593s] Level 1:colcon.colcon_core.environment:checking '/home/andrea/dobot_v3/install/cr5_moveit' for CMake config files
[1.593s] Level 1:colcon.colcon_core.shell:create_environment_hook('cr5_moveit', 'cmake_prefix_path')
[1.594s] INFO:colcon.colcon_core.shell:Creating environment hook '/home/andrea/dobot_v3/install/cr5_moveit/share/cr5_moveit/hook/cmake_prefix_path.ps1'
[1.594s] INFO:colcon.colcon_core.shell:Creating environment descriptor '/home/andrea/dobot_v3/install/cr5_moveit/share/cr5_moveit/hook/cmake_prefix_path.dsv'
[1.595s] INFO:colcon.colcon_core.shell:Creating environment hook '/home/andrea/dobot_v3/install/cr5_moveit/share/cr5_moveit/hook/cmake_prefix_path.sh'
[1.595s] Level 1:colcon.colcon_core.environment:checking '/home/andrea/dobot_v3/install/cr5_moveit/bin'
[1.595s] Level 1:colcon.colcon_core.environment:checking '/home/andrea/dobot_v3/install/cr5_moveit/lib/pkgconfig/cr5_moveit.pc'
[1.596s] Level 1:colcon.colcon_core.environment:checking '/home/andrea/dobot_v3/install/cr5_moveit/lib/python3.10/site-packages'
[1.596s] Level 1:colcon.colcon_core.environment:checking '/home/andrea/dobot_v3/install/cr5_moveit/bin'
[1.597s] INFO:colcon.colcon_core.shell:Creating package script '/home/andrea/dobot_v3/install/cr5_moveit/share/cr5_moveit/package.ps1'
[1.597s] INFO:colcon.colcon_core.shell:Creating package descriptor '/home/andrea/dobot_v3/install/cr5_moveit/share/cr5_moveit/package.dsv'
[1.598s] INFO:colcon.colcon_core.shell:Creating package script '/home/andrea/dobot_v3/install/cr5_moveit/share/cr5_moveit/package.sh'
[1.598s] INFO:colcon.colcon_core.shell:Creating package script '/home/andrea/dobot_v3/install/cr5_moveit/share/cr5_moveit/package.bash'
[1.599s] INFO:colcon.colcon_core.shell:Creating package script '/home/andrea/dobot_v3/install/cr5_moveit/share/cr5_moveit/package.zsh'
[1.599s] Level 1:colcon.colcon_core.environment:create_file_with_runtime_dependencies(/home/andrea/dobot_v3/install/cr5_moveit/share/colcon-core/packages/cr5_moveit)
[1.601s] Level 1:colcon.colcon_core.environment:create_environment_scripts_only(cr12_moveit)
[1.602s] Level 1:colcon.colcon_core.environment:checking '/home/andrea/dobot_v3/install/cr12_moveit' for CMake module files
[1.604s] Level 1:colcon.colcon_core.environment:checking '/home/andrea/dobot_v3/install/cr12_moveit' for CMake config files
[1.607s] DEBUG:colcon.colcon_core.event_handler.log_command:Invoked command in '/home/andrea/dobot_v3/build/cr12_moveit' returned '0': CMAKE_PREFIX_PATH=/home/andrea/dobot_v3/install/dobot_rviz:/home/andrea/dobot_v3/install/nova5_moveit:/home/andrea/dobot_v3/install/nova2_moveit:/home/andrea/dobot_v3/install/cr7_moveit:/home/andrea/dobot_v3/install/cr5_moveit:/home/andrea/dobot_v3/install/cr3_moveit:/home/andrea/dobot_v3/install/cr16_moveit:/home/andrea/dobot_v3/install/cr12_moveit:/home/andrea/dobot_v3/install/cr10_moveit:/home/andrea/dobot_v3/install/dobot_msgs_v3:/home/andrea/dobot_v3/install/dobot_gazebo:/home/andrea/dobot_v3/install/cr5_moveit_cpp_demo:/home/andrea/dobot_v3/install/custom_messages:/home/andrea/dobot_v3/install/cra_description:/home/andrea/dobot_v3/install/servo_action:/home/andrea/dobot_v3/install/dobot_bringup_v3:/home/andrea/dobot_v3/install/dobot_moveit:/home/andrea/dobot_v3/install/dobot_demo:/opt/ros/humble /usr/bin/cmake --install /home/andrea/dobot_v3/build/cr12_moveit
[1.609s] Level 1:colcon.colcon_core.shell:create_environment_hook('cr12_moveit', 'cmake_prefix_path')
[1.609s] INFO:colcon.colcon_core.shell:Creating environment hook '/home/andrea/dobot_v3/install/cr12_moveit/share/cr12_moveit/hook/cmake_prefix_path.ps1'
[1.610s] INFO:colcon.colcon_core.shell:Creating environment descriptor '/home/andrea/dobot_v3/install/cr12_moveit/share/cr12_moveit/hook/cmake_prefix_path.dsv'
[1.611s] INFO:colcon.colcon_core.shell:Creating environment hook '/home/andrea/dobot_v3/install/cr12_moveit/share/cr12_moveit/hook/cmake_prefix_path.sh'
[1.612s] Level 1:colcon.colcon_core.environment:checking '/home/andrea/dobot_v3/install/cr12_moveit/bin'
[1.612s] Level 1:colcon.colcon_core.environment:checking '/home/andrea/dobot_v3/install/cr12_moveit/lib/pkgconfig/cr12_moveit.pc'
[1.612s] Level 1:colcon.colcon_core.environment:checking '/home/andrea/dobot_v3/install/cr12_moveit/lib/python3.10/site-packages'
[1.612s] Level 1:colcon.colcon_core.environment:checking '/home/andrea/dobot_v3/install/cr12_moveit/bin'
[1.613s] INFO:colcon.colcon_core.shell:Creating package script '/home/andrea/dobot_v3/install/cr12_moveit/share/cr12_moveit/package.ps1'
[1.614s] INFO:colcon.colcon_core.shell:Creating package descriptor '/home/andrea/dobot_v3/install/cr12_moveit/share/cr12_moveit/package.dsv'
[1.614s] INFO:colcon.colcon_core.shell:Creating package script '/home/andrea/dobot_v3/install/cr12_moveit/share/cr12_moveit/package.sh'
[1.615s] INFO:colcon.colcon_core.shell:Creating package script '/home/andrea/dobot_v3/install/cr12_moveit/share/cr12_moveit/package.bash'
[1.615s] INFO:colcon.colcon_core.shell:Creating package script '/home/andrea/dobot_v3/install/cr12_moveit/share/cr12_moveit/package.zsh'
[1.616s] Level 1:colcon.colcon_core.environment:create_file_with_runtime_dependencies(/home/andrea/dobot_v3/install/cr12_moveit/share/colcon-core/packages/cr12_moveit)
[1.616s] Level 1:colcon.colcon_core.environment:create_environment_scripts_only(cr12_moveit)
[1.617s] Level 1:colcon.colcon_core.environment:checking '/home/andrea/dobot_v3/install/cr12_moveit' for CMake module files
[1.617s] Level 1:colcon.colcon_core.environment:checking '/home/andrea/dobot_v3/install/cr12_moveit' for CMake config files
[1.618s] Level 1:colcon.colcon_core.shell:create_environment_hook('cr12_moveit', 'cmake_prefix_path')
[1.618s] INFO:colcon.colcon_core.shell:Creating environment hook '/home/andrea/dobot_v3/install/cr12_moveit/share/cr12_moveit/hook/cmake_prefix_path.ps1'
[1.618s] INFO:colcon.colcon_core.shell:Creating environment descriptor '/home/andrea/dobot_v3/install/cr12_moveit/share/cr12_moveit/hook/cmake_prefix_path.dsv'
[1.619s] INFO:colcon.colcon_core.shell:Creating environment hook '/home/andrea/dobot_v3/install/cr12_moveit/share/cr12_moveit/hook/cmake_prefix_path.sh'
[1.620s] Level 1:colcon.colcon_core.environment:checking '/home/andrea/dobot_v3/install/cr12_moveit/bin'
[1.620s] Level 1:colcon.colcon_core.environment:checking '/home/andrea/dobot_v3/install/cr12_moveit/lib/pkgconfig/cr12_moveit.pc'
[1.620s] Level 1:colcon.colcon_core.environment:checking '/home/andrea/dobot_v3/install/cr12_moveit/lib/python3.10/site-packages'
[1.621s] Level 1:colcon.colcon_core.environment:checking '/home/andrea/dobot_v3/install/cr12_moveit/bin'
[1.621s] INFO:colcon.colcon_core.shell:Creating package script '/home/andrea/dobot_v3/install/cr12_moveit/share/cr12_moveit/package.ps1'
[1.622s] INFO:colcon.colcon_core.shell:Creating package descriptor '/home/andrea/dobot_v3/install/cr12_moveit/share/cr12_moveit/package.dsv'
[1.622s] INFO:colcon.colcon_core.shell:Creating package script '/home/andrea/dobot_v3/install/cr12_moveit/share/cr12_moveit/package.sh'
[1.623s] INFO:colcon.colcon_core.shell:Creating package script '/home/andrea/dobot_v3/install/cr12_moveit/share/cr12_moveit/package.bash'
[1.624s] INFO:colcon.colcon_core.shell:Creating package script '/home/andrea/dobot_v3/install/cr12_moveit/share/cr12_moveit/package.zsh'
[1.624s] Level 1:colcon.colcon_core.environment:create_file_with_runtime_dependencies(/home/andrea/dobot_v3/install/cr12_moveit/share/colcon-core/packages/cr12_moveit)
[1.624s] Level 1:colcon.colcon_core.environment:create_environment_scripts_only(cr7_moveit)
[1.625s] Level 1:colcon.colcon_core.environment:checking '/home/andrea/dobot_v3/install/cr7_moveit' for CMake module files
[1.626s] DEBUG:colcon.colcon_core.event_handler.log_command:Invoked command in '/home/andrea/dobot_v3/build/cr7_moveit' returned '0': CMAKE_PREFIX_PATH=/home/andrea/dobot_v3/install/dobot_rviz:/home/andrea/dobot_v3/install/nova5_moveit:/home/andrea/dobot_v3/install/nova2_moveit:/home/andrea/dobot_v3/install/cr7_moveit:/home/andrea/dobot_v3/install/cr5_moveit:/home/andrea/dobot_v3/install/cr3_moveit:/home/andrea/dobot_v3/install/cr16_moveit:/home/andrea/dobot_v3/install/cr12_moveit:/home/andrea/dobot_v3/install/cr10_moveit:/home/andrea/dobot_v3/install/dobot_msgs_v3:/home/andrea/dobot_v3/install/dobot_gazebo:/home/andrea/dobot_v3/install/cr5_moveit_cpp_demo:/home/andrea/dobot_v3/install/custom_messages:/home/andrea/dobot_v3/install/cra_description:/home/andrea/dobot_v3/install/servo_action:/home/andrea/dobot_v3/install/dobot_bringup_v3:/home/andrea/dobot_v3/install/dobot_moveit:/home/andrea/dobot_v3/install/dobot_demo:/opt/ros/humble /usr/bin/cmake --install /home/andrea/dobot_v3/build/cr7_moveit
[1.626s] Level 1:colcon.colcon_core.environment:checking '/home/andrea/dobot_v3/install/cr7_moveit' for CMake config files
[1.627s] Level 1:colcon.colcon_core.shell:create_environment_hook('cr7_moveit', 'cmake_prefix_path')
[1.627s] INFO:colcon.colcon_core.shell:Creating environment hook '/home/andrea/dobot_v3/install/cr7_moveit/share/cr7_moveit/hook/cmake_prefix_path.ps1'
[1.627s] INFO:colcon.colcon_core.shell:Creating environment descriptor '/home/andrea/dobot_v3/install/cr7_moveit/share/cr7_moveit/hook/cmake_prefix_path.dsv'
[1.628s] INFO:colcon.colcon_core.shell:Creating environment hook '/home/andrea/dobot_v3/install/cr7_moveit/share/cr7_moveit/hook/cmake_prefix_path.sh'
[1.628s] Level 1:colcon.colcon_core.environment:checking '/home/andrea/dobot_v3/install/cr7_moveit/bin'
[1.628s] Level 1:colcon.colcon_core.environment:checking '/home/andrea/dobot_v3/install/cr7_moveit/lib/pkgconfig/cr7_moveit.pc'
[1.629s] Level 1:colcon.colcon_core.environment:checking '/home/andrea/dobot_v3/install/cr7_moveit/lib/python3.10/site-packages'
[1.629s] Level 1:colcon.colcon_core.environment:checking '/home/andrea/dobot_v3/install/cr7_moveit/bin'
[1.630s] INFO:colcon.colcon_core.shell:Creating package script '/home/andrea/dobot_v3/install/cr7_moveit/share/cr7_moveit/package.ps1'
[1.630s] INFO:colcon.colcon_core.shell:Creating package descriptor '/home/andrea/dobot_v3/install/cr7_moveit/share/cr7_moveit/package.dsv'
[1.631s] INFO:colcon.colcon_core.shell:Creating package script '/home/andrea/dobot_v3/install/cr7_moveit/share/cr7_moveit/package.sh'
[1.631s] INFO:colcon.colcon_core.shell:Creating package script '/home/andrea/dobot_v3/install/cr7_moveit/share/cr7_moveit/package.bash'
[1.632s] INFO:colcon.colcon_core.shell:Creating package script '/home/andrea/dobot_v3/install/cr7_moveit/share/cr7_moveit/package.zsh'
[1.632s] Level 1:colcon.colcon_core.environment:create_file_with_runtime_dependencies(/home/andrea/dobot_v3/install/cr7_moveit/share/colcon-core/packages/cr7_moveit)
[1.633s] Level 1:colcon.colcon_core.environment:create_environment_scripts_only(cr7_moveit)
[1.633s] Level 1:colcon.colcon_core.environment:checking '/home/andrea/dobot_v3/install/cr7_moveit' for CMake module files
[1.634s] Level 1:colcon.colcon_core.environment:checking '/home/andrea/dobot_v3/install/cr7_moveit' for CMake config files
[1.634s] Level 1:colcon.colcon_core.shell:create_environment_hook('cr7_moveit', 'cmake_prefix_path')
[1.634s] INFO:colcon.colcon_core.shell:Creating environment hook '/home/andrea/dobot_v3/install/cr7_moveit/share/cr7_moveit/hook/cmake_prefix_path.ps1'
[1.635s] INFO:colcon.colcon_core.shell:Creating environment descriptor '/home/andrea/dobot_v3/install/cr7_moveit/share/cr7_moveit/hook/cmake_prefix_path.dsv'
[1.635s] INFO:colcon.colcon_core.shell:Creating environment hook '/home/andrea/dobot_v3/install/cr7_moveit/share/cr7_moveit/hook/cmake_prefix_path.sh'
[1.635s] Level 1:colcon.colcon_core.environment:checking '/home/andrea/dobot_v3/install/cr7_moveit/bin'
[1.635s] Level 1:colcon.colcon_core.environment:checking '/home/andrea/dobot_v3/install/cr7_moveit/lib/pkgconfig/cr7_moveit.pc'
[1.636s] Level 1:colcon.colcon_core.environment:checking '/home/andrea/dobot_v3/install/cr7_moveit/lib/python3.10/site-packages'
[1.636s] Level 1:colcon.colcon_core.environment:checking '/home/andrea/dobot_v3/install/cr7_moveit/bin'
[1.636s] INFO:colcon.colcon_core.shell:Creating package script '/home/andrea/dobot_v3/install/cr7_moveit/share/cr7_moveit/package.ps1'
[1.636s] INFO:colcon.colcon_core.shell:Creating package descriptor '/home/andrea/dobot_v3/install/cr7_moveit/share/cr7_moveit/package.dsv'
[1.637s] INFO:colcon.colcon_core.shell:Creating package script '/home/andrea/dobot_v3/install/cr7_moveit/share/cr7_moveit/package.sh'
[1.637s] INFO:colcon.colcon_core.shell:Creating package script '/home/andrea/dobot_v3/install/cr7_moveit/share/cr7_moveit/package.bash'
[1.637s] INFO:colcon.colcon_core.shell:Creating package script '/home/andrea/dobot_v3/install/cr7_moveit/share/cr7_moveit/package.zsh'
[1.638s] Level 1:colcon.colcon_core.environment:create_file_with_runtime_dependencies(/home/andrea/dobot_v3/install/cr7_moveit/share/colcon-core/packages/cr7_moveit)
[1.638s] INFO:colcon.colcon_ros.task.ament_cmake.build:Building ROS package in '/home/andrea/dobot_v3/src/DOBOT_6Axis_ROS2_V3/nova5_moveit' with build type 'ament_cmake'
[1.638s] INFO:colcon.colcon_cmake.task.cmake.build:Building CMake package in '/home/andrea/dobot_v3/src/DOBOT_6Axis_ROS2_V3/nova5_moveit'
[1.638s] INFO:colcon.colcon_core.shell:Skip shell extension 'powershell' for command environment: Not usable outside of PowerShell
[1.638s] DEBUG:colcon.colcon_core.shell:Skip shell extension 'dsv' for command environment
[1.642s] Level 1:colcon.colcon_core.environment:create_environment_scripts_only(cr16_moveit)
[1.643s] Level 1:colcon.colcon_core.environment:checking '/home/andrea/dobot_v3/install/cr16_moveit' for CMake module files
[1.643s] DEBUG:colcon.colcon_core.event_handler.log_command:Invoked command in '/home/andrea/dobot_v3/build/cr16_moveit' returned '0': CMAKE_PREFIX_PATH=/home/andrea/dobot_v3/install/dobot_rviz:/home/andrea/dobot_v3/install/nova5_moveit:/home/andrea/dobot_v3/install/nova2_moveit:/home/andrea/dobot_v3/install/cr7_moveit:/home/andrea/dobot_v3/install/cr5_moveit:/home/andrea/dobot_v3/install/cr3_moveit:/home/andrea/dobot_v3/install/cr16_moveit:/home/andrea/dobot_v3/install/cr12_moveit:/home/andrea/dobot_v3/install/cr10_moveit:/home/andrea/dobot_v3/install/dobot_msgs_v3:/home/andrea/dobot_v3/install/dobot_gazebo:/home/andrea/dobot_v3/install/cr5_moveit_cpp_demo:/home/andrea/dobot_v3/install/custom_messages:/home/andrea/dobot_v3/install/cra_description:/home/andrea/dobot_v3/install/servo_action:/home/andrea/dobot_v3/install/dobot_bringup_v3:/home/andrea/dobot_v3/install/dobot_moveit:/home/andrea/dobot_v3/install/dobot_demo:/opt/ros/humble /usr/bin/cmake --install /home/andrea/dobot_v3/build/cr16_moveit
[1.644s] Level 1:colcon.colcon_core.environment:checking '/home/andrea/dobot_v3/install/cr16_moveit' for CMake config files
[1.644s] Level 1:colcon.colcon_core.shell:create_environment_hook('cr16_moveit', 'cmake_prefix_path')
[1.645s] INFO:colcon.colcon_core.shell:Creating environment hook '/home/andrea/dobot_v3/install/cr16_moveit/share/cr16_moveit/hook/cmake_prefix_path.ps1'
[1.645s] INFO:colcon.colcon_core.shell:Creating environment descriptor '/home/andrea/dobot_v3/install/cr16_moveit/share/cr16_moveit/hook/cmake_prefix_path.dsv'
[1.646s] INFO:colcon.colcon_core.shell:Creating environment hook '/home/andrea/dobot_v3/install/cr16_moveit/share/cr16_moveit/hook/cmake_prefix_path.sh'
[1.646s] Level 1:colcon.colcon_core.environment:checking '/home/andrea/dobot_v3/install/cr16_moveit/bin'
[1.646s] Level 1:colcon.colcon_core.environment:checking '/home/andrea/dobot_v3/install/cr16_moveit/lib/pkgconfig/cr16_moveit.pc'
[1.647s] Level 1:colcon.colcon_core.environment:checking '/home/andrea/dobot_v3/install/cr16_moveit/lib/python3.10/site-packages'
[1.647s] Level 1:colcon.colcon_core.environment:checking '/home/andrea/dobot_v3/install/cr16_moveit/bin'
[1.648s] INFO:colcon.colcon_core.shell:Creating package script '/home/andrea/dobot_v3/install/cr16_moveit/share/cr16_moveit/package.ps1'
[1.648s] INFO:colcon.colcon_core.shell:Creating package descriptor '/home/andrea/dobot_v3/install/cr16_moveit/share/cr16_moveit/package.dsv'
[1.649s] INFO:colcon.colcon_core.shell:Creating package script '/home/andrea/dobot_v3/install/cr16_moveit/share/cr16_moveit/package.sh'
[1.649s] INFO:colcon.colcon_core.shell:Creating package script '/home/andrea/dobot_v3/install/cr16_moveit/share/cr16_moveit/package.bash'
[1.650s] INFO:colcon.colcon_core.shell:Creating package script '/home/andrea/dobot_v3/install/cr16_moveit/share/cr16_moveit/package.zsh'
[1.650s] Level 1:colcon.colcon_core.environment:create_file_with_runtime_dependencies(/home/andrea/dobot_v3/install/cr16_moveit/share/colcon-core/packages/cr16_moveit)
[1.650s] Level 1:colcon.colcon_core.environment:create_environment_scripts_only(cr16_moveit)
[1.651s] Level 1:colcon.colcon_core.environment:checking '/home/andrea/dobot_v3/install/cr16_moveit' for CMake module files
[1.651s] Level 1:colcon.colcon_core.environment:checking '/home/andrea/dobot_v3/install/cr16_moveit' for CMake config files
[1.651s] Level 1:colcon.colcon_core.shell:create_environment_hook('cr16_moveit', 'cmake_prefix_path')
[1.651s] INFO:colcon.colcon_core.shell:Creating environment hook '/home/andrea/dobot_v3/install/cr16_moveit/share/cr16_moveit/hook/cmake_prefix_path.ps1'
[1.651s] INFO:colcon.colcon_core.shell:Creating environment descriptor '/home/andrea/dobot_v3/install/cr16_moveit/share/cr16_moveit/hook/cmake_prefix_path.dsv'
[1.652s] INFO:colcon.colcon_core.shell:Creating environment hook '/home/andrea/dobot_v3/install/cr16_moveit/share/cr16_moveit/hook/cmake_prefix_path.sh'
[1.652s] Level 1:colcon.colcon_core.environment:checking '/home/andrea/dobot_v3/install/cr16_moveit/bin'
[1.652s] Level 1:colcon.colcon_core.environment:checking '/home/andrea/dobot_v3/install/cr16_moveit/lib/pkgconfig/cr16_moveit.pc'
[1.652s] Level 1:colcon.colcon_core.environment:checking '/home/andrea/dobot_v3/install/cr16_moveit/lib/python3.10/site-packages'
[1.653s] Level 1:colcon.colcon_core.environment:checking '/home/andrea/dobot_v3/install/cr16_moveit/bin'
[1.653s] INFO:colcon.colcon_core.shell:Creating package script '/home/andrea/dobot_v3/install/cr16_moveit/share/cr16_moveit/package.ps1'
[1.653s] INFO:colcon.colcon_core.shell:Creating package descriptor '/home/andrea/dobot_v3/install/cr16_moveit/share/cr16_moveit/package.dsv'
[1.654s] INFO:colcon.colcon_core.shell:Creating package script '/home/andrea/dobot_v3/install/cr16_moveit/share/cr16_moveit/package.sh'
[1.654s] INFO:colcon.colcon_core.shell:Creating package script '/home/andrea/dobot_v3/install/cr16_moveit/share/cr16_moveit/package.bash'
[1.654s] INFO:colcon.colcon_core.shell:Creating package script '/home/andrea/dobot_v3/install/cr16_moveit/share/cr16_moveit/package.zsh'
[1.654s] Level 1:colcon.colcon_core.environment:create_file_with_runtime_dependencies(/home/andrea/dobot_v3/install/cr16_moveit/share/colcon-core/packages/cr16_moveit)
[1.658s] Level 1:colcon.colcon_core.environment:create_environment_scripts_only(cr3_moveit)
[1.658s] Level 1:colcon.colcon_core.environment:checking '/home/andrea/dobot_v3/install/cr3_moveit' for CMake module files
[1.659s] Level 1:colcon.colcon_core.environment:checking '/home/andrea/dobot_v3/install/cr3_moveit' for CMake config files
[1.660s] DEBUG:colcon.colcon_core.event_handler.log_command:Invoking command in '/home/andrea/dobot_v3/build/nova2_moveit': CMAKE_PREFIX_PATH=/home/andrea/dobot_v3/install/dobot_rviz:/home/andrea/dobot_v3/install/nova5_moveit:/home/andrea/dobot_v3/install/nova2_moveit:/home/andrea/dobot_v3/install/cr7_moveit:/home/andrea/dobot_v3/install/cr5_moveit:/home/andrea/dobot_v3/install/cr3_moveit:/home/andrea/dobot_v3/install/cr16_moveit:/home/andrea/dobot_v3/install/cr12_moveit:/home/andrea/dobot_v3/install/cr10_moveit:/home/andrea/dobot_v3/install/dobot_msgs_v3:/home/andrea/dobot_v3/install/dobot_gazebo:/home/andrea/dobot_v3/install/cr5_moveit_cpp_demo:/home/andrea/dobot_v3/install/custom_messages:/home/andrea/dobot_v3/install/cra_description:/home/andrea/dobot_v3/install/servo_action:/home/andrea/dobot_v3/install/dobot_bringup_v3:/home/andrea/dobot_v3/install/dobot_moveit:/home/andrea/dobot_v3/install/dobot_demo:/opt/ros/humble /usr/bin/cmake --build /home/andrea/dobot_v3/build/nova2_moveit -- -j12 -l12
[1.660s] DEBUG:colcon.colcon_core.event_handler.log_command:Invoked command in '/home/andrea/dobot_v3/build/cr3_moveit' returned '0': CMAKE_PREFIX_PATH=/home/andrea/dobot_v3/install/dobot_rviz:/home/andrea/dobot_v3/install/nova5_moveit:/home/andrea/dobot_v3/install/nova2_moveit:/home/andrea/dobot_v3/install/cr7_moveit:/home/andrea/dobot_v3/install/cr5_moveit:/home/andrea/dobot_v3/install/cr3_moveit:/home/andrea/dobot_v3/install/cr16_moveit:/home/andrea/dobot_v3/install/cr12_moveit:/home/andrea/dobot_v3/install/cr10_moveit:/home/andrea/dobot_v3/install/dobot_msgs_v3:/home/andrea/dobot_v3/install/dobot_gazebo:/home/andrea/dobot_v3/install/cr5_moveit_cpp_demo:/home/andrea/dobot_v3/install/custom_messages:/home/andrea/dobot_v3/install/cra_description:/home/andrea/dobot_v3/install/servo_action:/home/andrea/dobot_v3/install/dobot_bringup_v3:/home/andrea/dobot_v3/install/dobot_moveit:/home/andrea/dobot_v3/install/dobot_demo:/opt/ros/humble /usr/bin/cmake --install /home/andrea/dobot_v3/build/cr3_moveit
[1.660s] Level 1:colcon.colcon_core.shell:create_environment_hook('cr3_moveit', 'cmake_prefix_path')
[1.661s] INFO:colcon.colcon_core.shell:Creating environment hook '/home/andrea/dobot_v3/install/cr3_moveit/share/cr3_moveit/hook/cmake_prefix_path.ps1'
[1.661s] INFO:colcon.colcon_core.shell:Creating environment descriptor '/home/andrea/dobot_v3/install/cr3_moveit/share/cr3_moveit/hook/cmake_prefix_path.dsv'
[1.661s] INFO:colcon.colcon_core.shell:Creating environment hook '/home/andrea/dobot_v3/install/cr3_moveit/share/cr3_moveit/hook/cmake_prefix_path.sh'
[1.662s] Level 1:colcon.colcon_core.environment:checking '/home/andrea/dobot_v3/install/cr3_moveit/bin'
[1.662s] Level 1:colcon.colcon_core.environment:checking '/home/andrea/dobot_v3/install/cr3_moveit/lib/pkgconfig/cr3_moveit.pc'
[1.662s] Level 1:colcon.colcon_core.environment:checking '/home/andrea/dobot_v3/install/cr3_moveit/lib/python3.10/site-packages'
[1.662s] Level 1:colcon.colcon_core.environment:checking '/home/andrea/dobot_v3/install/cr3_moveit/bin'
[1.662s] INFO:colcon.colcon_core.shell:Creating package script '/home/andrea/dobot_v3/install/cr3_moveit/share/cr3_moveit/package.ps1'
[1.663s] INFO:colcon.colcon_core.shell:Creating package descriptor '/home/andrea/dobot_v3/install/cr3_moveit/share/cr3_moveit/package.dsv'
[1.663s] INFO:colcon.colcon_core.shell:Creating package script '/home/andrea/dobot_v3/install/cr3_moveit/share/cr3_moveit/package.sh'
[1.663s] INFO:colcon.colcon_core.shell:Creating package script '/home/andrea/dobot_v3/install/cr3_moveit/share/cr3_moveit/package.bash'
[1.663s] INFO:colcon.colcon_core.shell:Creating package script '/home/andrea/dobot_v3/install/cr3_moveit/share/cr3_moveit/package.zsh'
[1.664s] Level 1:colcon.colcon_core.environment:create_file_with_runtime_dependencies(/home/andrea/dobot_v3/install/cr3_moveit/share/colcon-core/packages/cr3_moveit)
[1.664s] Level 1:colcon.colcon_core.environment:create_environment_scripts_only(cr3_moveit)
[1.664s] Level 1:colcon.colcon_core.environment:checking '/home/andrea/dobot_v3/install/cr3_moveit' for CMake module files
[1.664s] Level 1:colcon.colcon_core.environment:checking '/home/andrea/dobot_v3/install/cr3_moveit' for CMake config files
[1.665s] Level 1:colcon.colcon_core.shell:create_environment_hook('cr3_moveit', 'cmake_prefix_path')
[1.665s] INFO:colcon.colcon_core.shell:Creating environment hook '/home/andrea/dobot_v3/install/cr3_moveit/share/cr3_moveit/hook/cmake_prefix_path.ps1'
[1.666s] INFO:colcon.colcon_core.shell:Creating environment descriptor '/home/andrea/dobot_v3/install/cr3_moveit/share/cr3_moveit/hook/cmake_prefix_path.dsv'
[1.666s] INFO:colcon.colcon_core.shell:Creating environment hook '/home/andrea/dobot_v3/install/cr3_moveit/share/cr3_moveit/hook/cmake_prefix_path.sh'
[1.667s] Level 1:colcon.colcon_core.environment:checking '/home/andrea/dobot_v3/install/cr3_moveit/bin'
[1.667s] Level 1:colcon.colcon_core.environment:checking '/home/andrea/dobot_v3/install/cr3_moveit/lib/pkgconfig/cr3_moveit.pc'
[1.668s] Level 1:colcon.colcon_core.environment:checking '/home/andrea/dobot_v3/install/cr3_moveit/lib/python3.10/site-packages'
[1.668s] Level 1:colcon.colcon_core.environment:checking '/home/andrea/dobot_v3/install/cr3_moveit/bin'
[1.669s] INFO:colcon.colcon_core.shell:Creating package script '/home/andrea/dobot_v3/install/cr3_moveit/share/cr3_moveit/package.ps1'
[1.669s] INFO:colcon.colcon_core.shell:Creating package descriptor '/home/andrea/dobot_v3/install/cr3_moveit/share/cr3_moveit/package.dsv'
[1.670s] INFO:colcon.colcon_core.shell:Creating package script '/home/andrea/dobot_v3/install/cr3_moveit/share/cr3_moveit/package.sh'
[1.671s] INFO:colcon.colcon_core.shell:Creating package script '/home/andrea/dobot_v3/install/cr3_moveit/share/cr3_moveit/package.bash'
[1.672s] INFO:colcon.colcon_core.shell:Creating package script '/home/andrea/dobot_v3/install/cr3_moveit/share/cr3_moveit/package.zsh'
[1.672s] Level 1:colcon.colcon_core.environment:create_file_with_runtime_dependencies(/home/andrea/dobot_v3/install/cr3_moveit/share/colcon-core/packages/cr3_moveit)
[1.673s] Level 1:colcon.colcon_core.environment:create_environment_scripts_only(dobot_gazebo)
[1.674s] Level 1:colcon.colcon_core.environment:checking '/home/andrea/dobot_v3/install/dobot_gazebo' for CMake module files
[1.675s] DEBUG:colcon.colcon_core.event_handler.log_command:Invoked command in '/home/andrea/dobot_v3/build/dobot_gazebo' returned '0': CMAKE_PREFIX_PATH=/home/andrea/dobot_v3/install/cra_description:/home/andrea/dobot_v3/install/nova5_moveit:/home/andrea/dobot_v3/install/nova2_moveit:/home/andrea/dobot_v3/install/cr7_moveit:/home/andrea/dobot_v3/install/cr5_moveit:/home/andrea/dobot_v3/install/cr3_moveit:/home/andrea/dobot_v3/install/cr16_moveit:/home/andrea/dobot_v3/install/cr12_moveit:/home/andrea/dobot_v3/install/cr10_moveit:/home/andrea/dobot_v3/install/dobot_rviz:/home/andrea/dobot_v3/install/dobot_msgs_v3:/home/andrea/dobot_v3/install/dobot_gazebo:/home/andrea/dobot_v3/install/cr5_moveit_cpp_demo:/home/andrea/dobot_v3/install/custom_messages:/home/andrea/dobot_v3/install/servo_action:/home/andrea/dobot_v3/install/dobot_bringup_v3:/home/andrea/dobot_v3/install/dobot_moveit:/home/andrea/dobot_v3/install/dobot_demo:/opt/ros/humble /usr/bin/cmake --install /home/andrea/dobot_v3/build/dobot_gazebo
[1.675s] Level 1:colcon.colcon_core.environment:checking '/home/andrea/dobot_v3/install/dobot_gazebo' for CMake config files
[1.675s] Level 1:colcon.colcon_core.shell:create_environment_hook('dobot_gazebo', 'cmake_prefix_path')
[1.676s] INFO:colcon.colcon_core.shell:Creating environment hook '/home/andrea/dobot_v3/install/dobot_gazebo/share/dobot_gazebo/hook/cmake_prefix_path.ps1'
[1.676s] INFO:colcon.colcon_core.shell:Creating environment descriptor '/home/andrea/dobot_v3/install/dobot_gazebo/share/dobot_gazebo/hook/cmake_prefix_path.dsv'
[1.677s] INFO:colcon.colcon_core.shell:Creating environment hook '/home/andrea/dobot_v3/install/dobot_gazebo/share/dobot_gazebo/hook/cmake_prefix_path.sh'
[1.677s] Level 1:colcon.colcon_core.environment:checking '/home/andrea/dobot_v3/install/dobot_gazebo/bin'
[1.677s] Level 1:colcon.colcon_core.environment:checking '/home/andrea/dobot_v3/install/dobot_gazebo/lib/pkgconfig/dobot_gazebo.pc'
[1.678s] Level 1:colcon.colcon_core.environment:checking '/home/andrea/dobot_v3/install/dobot_gazebo/lib/python3.10/site-packages'
[1.678s] Level 1:colcon.colcon_core.environment:checking '/home/andrea/dobot_v3/install/dobot_gazebo/bin'
[1.678s] INFO:colcon.colcon_core.shell:Creating package script '/home/andrea/dobot_v3/install/dobot_gazebo/share/dobot_gazebo/package.ps1'
[1.678s] INFO:colcon.colcon_core.shell:Creating package descriptor '/home/andrea/dobot_v3/install/dobot_gazebo/share/dobot_gazebo/package.dsv'
[1.679s] INFO:colcon.colcon_core.shell:Creating package script '/home/andrea/dobot_v3/install/dobot_gazebo/share/dobot_gazebo/package.sh'
[1.679s] INFO:colcon.colcon_core.shell:Creating package script '/home/andrea/dobot_v3/install/dobot_gazebo/share/dobot_gazebo/package.bash'
[1.680s] INFO:colcon.colcon_core.shell:Creating package script '/home/andrea/dobot_v3/install/dobot_gazebo/share/dobot_gazebo/package.zsh'
[1.680s] Level 1:colcon.colcon_core.environment:create_file_with_runtime_dependencies(/home/andrea/dobot_v3/install/dobot_gazebo/share/colcon-core/packages/dobot_gazebo)
[1.681s] Level 1:colcon.colcon_core.environment:create_environment_scripts_only(dobot_gazebo)
[1.681s] Level 1:colcon.colcon_core.environment:checking '/home/andrea/dobot_v3/install/dobot_gazebo' for CMake module files
[1.681s] Level 1:colcon.colcon_core.environment:checking '/home/andrea/dobot_v3/install/dobot_gazebo' for CMake config files
[1.681s] Level 1:colcon.colcon_core.shell:create_environment_hook('dobot_gazebo', 'cmake_prefix_path')
[1.682s] INFO:colcon.colcon_core.shell:Creating environment hook '/home/andrea/dobot_v3/install/dobot_gazebo/share/dobot_gazebo/hook/cmake_prefix_path.ps1'
[1.682s] INFO:colcon.colcon_core.shell:Creating environment descriptor '/home/andrea/dobot_v3/install/dobot_gazebo/share/dobot_gazebo/hook/cmake_prefix_path.dsv'
[1.682s] INFO:colcon.colcon_core.shell:Creating environment hook '/home/andrea/dobot_v3/install/dobot_gazebo/share/dobot_gazebo/hook/cmake_prefix_path.sh'
[1.683s] Level 1:colcon.colcon_core.environment:checking '/home/andrea/dobot_v3/install/dobot_gazebo/bin'
[1.683s] Level 1:colcon.colcon_core.environment:checking '/home/andrea/dobot_v3/install/dobot_gazebo/lib/pkgconfig/dobot_gazebo.pc'
[1.683s] Level 1:colcon.colcon_core.environment:checking '/home/andrea/dobot_v3/install/dobot_gazebo/lib/python3.10/site-packages'
[1.684s] Level 1:colcon.colcon_core.environment:checking '/home/andrea/dobot_v3/install/dobot_gazebo/bin'
[1.684s] INFO:colcon.colcon_core.shell:Creating package script '/home/andrea/dobot_v3/install/dobot_gazebo/share/dobot_gazebo/package.ps1'
[1.685s] INFO:colcon.colcon_core.shell:Creating package descriptor '/home/andrea/dobot_v3/install/dobot_gazebo/share/dobot_gazebo/package.dsv'
[1.686s] INFO:colcon.colcon_core.shell:Creating package script '/home/andrea/dobot_v3/install/dobot_gazebo/share/dobot_gazebo/package.sh'
[1.686s] INFO:colcon.colcon_core.shell:Creating package script '/home/andrea/dobot_v3/install/dobot_gazebo/share/dobot_gazebo/package.bash'
[1.687s] INFO:colcon.colcon_core.shell:Creating package script '/home/andrea/dobot_v3/install/dobot_gazebo/share/dobot_gazebo/package.zsh'
[1.688s] Level 1:colcon.colcon_core.environment:create_file_with_runtime_dependencies(/home/andrea/dobot_v3/install/dobot_gazebo/share/colcon-core/packages/dobot_gazebo)
[1.694s] DEBUG:colcon.colcon_core.event_handler.log_command:Invoking command in '/home/andrea/dobot_v3/build/nova5_moveit': CMAKE_PREFIX_PATH=/home/andrea/dobot_v3/install/dobot_rviz:/home/andrea/dobot_v3/install/nova5_moveit:/home/andrea/dobot_v3/install/nova2_moveit:/home/andrea/dobot_v3/install/cr7_moveit:/home/andrea/dobot_v3/install/cr5_moveit:/home/andrea/dobot_v3/install/cr3_moveit:/home/andrea/dobot_v3/install/cr16_moveit:/home/andrea/dobot_v3/install/cr12_moveit:/home/andrea/dobot_v3/install/cr10_moveit:/home/andrea/dobot_v3/install/dobot_msgs_v3:/home/andrea/dobot_v3/install/dobot_gazebo:/home/andrea/dobot_v3/install/cr5_moveit_cpp_demo:/home/andrea/dobot_v3/install/custom_messages:/home/andrea/dobot_v3/install/cra_description:/home/andrea/dobot_v3/install/servo_action:/home/andrea/dobot_v3/install/dobot_bringup_v3:/home/andrea/dobot_v3/install/dobot_moveit:/home/andrea/dobot_v3/install/dobot_demo:/opt/ros/humble /usr/bin/cmake --build /home/andrea/dobot_v3/build/nova5_moveit -- -j12 -l12
[1.702s] DEBUG:colcon.colcon_core.event_handler.log_command:Invoked command in '/home/andrea/dobot_v3/build/nova2_moveit' returned '0': CMAKE_PREFIX_PATH=/home/andrea/dobot_v3/install/dobot_rviz:/home/andrea/dobot_v3/install/nova5_moveit:/home/andrea/dobot_v3/install/nova2_moveit:/home/andrea/dobot_v3/install/cr7_moveit:/home/andrea/dobot_v3/install/cr5_moveit:/home/andrea/dobot_v3/install/cr3_moveit:/home/andrea/dobot_v3/install/cr16_moveit:/home/andrea/dobot_v3/install/cr12_moveit:/home/andrea/dobot_v3/install/cr10_moveit:/home/andrea/dobot_v3/install/dobot_msgs_v3:/home/andrea/dobot_v3/install/dobot_gazebo:/home/andrea/dobot_v3/install/cr5_moveit_cpp_demo:/home/andrea/dobot_v3/install/custom_messages:/home/andrea/dobot_v3/install/cra_description:/home/andrea/dobot_v3/install/servo_action:/home/andrea/dobot_v3/install/dobot_bringup_v3:/home/andrea/dobot_v3/install/dobot_moveit:/home/andrea/dobot_v3/install/dobot_demo:/opt/ros/humble /usr/bin/cmake --build /home/andrea/dobot_v3/build/nova2_moveit -- -j12 -l12
[1.703s] DEBUG:colcon.colcon_core.event_handler.log_command:Invoking command in '/home/andrea/dobot_v3/build/nova2_moveit': CMAKE_PREFIX_PATH=/home/andrea/dobot_v3/install/dobot_rviz:/home/andrea/dobot_v3/install/nova5_moveit:/home/andrea/dobot_v3/install/nova2_moveit:/home/andrea/dobot_v3/install/cr7_moveit:/home/andrea/dobot_v3/install/cr5_moveit:/home/andrea/dobot_v3/install/cr3_moveit:/home/andrea/dobot_v3/install/cr16_moveit:/home/andrea/dobot_v3/install/cr12_moveit:/home/andrea/dobot_v3/install/cr10_moveit:/home/andrea/dobot_v3/install/dobot_msgs_v3:/home/andrea/dobot_v3/install/dobot_gazebo:/home/andrea/dobot_v3/install/cr5_moveit_cpp_demo:/home/andrea/dobot_v3/install/custom_messages:/home/andrea/dobot_v3/install/cra_description:/home/andrea/dobot_v3/install/servo_action:/home/andrea/dobot_v3/install/dobot_bringup_v3:/home/andrea/dobot_v3/install/dobot_moveit:/home/andrea/dobot_v3/install/dobot_demo:/opt/ros/humble /usr/bin/cmake --install /home/andrea/dobot_v3/build/nova2_moveit
[1.720s] Level 1:colcon.colcon_core.environment:create_environment_scripts_only(nova2_moveit)
[1.720s] DEBUG:colcon.colcon_core.event_handler.log_command:Invoked command in '/home/andrea/dobot_v3/build/nova2_moveit' returned '0': CMAKE_PREFIX_PATH=/home/andrea/dobot_v3/install/dobot_rviz:/home/andrea/dobot_v3/install/nova5_moveit:/home/andrea/dobot_v3/install/nova2_moveit:/home/andrea/dobot_v3/install/cr7_moveit:/home/andrea/dobot_v3/install/cr5_moveit:/home/andrea/dobot_v3/install/cr3_moveit:/home/andrea/dobot_v3/install/cr16_moveit:/home/andrea/dobot_v3/install/cr12_moveit:/home/andrea/dobot_v3/install/cr10_moveit:/home/andrea/dobot_v3/install/dobot_msgs_v3:/home/andrea/dobot_v3/install/dobot_gazebo:/home/andrea/dobot_v3/install/cr5_moveit_cpp_demo:/home/andrea/dobot_v3/install/custom_messages:/home/andrea/dobot_v3/install/cra_description:/home/andrea/dobot_v3/install/servo_action:/home/andrea/dobot_v3/install/dobot_bringup_v3:/home/andrea/dobot_v3/install/dobot_moveit:/home/andrea/dobot_v3/install/dobot_demo:/opt/ros/humble /usr/bin/cmake --install /home/andrea/dobot_v3/build/nova2_moveit
[1.720s] Level 1:colcon.colcon_core.environment:checking '/home/andrea/dobot_v3/install/nova2_moveit' for CMake module files
[1.721s] Level 1:colcon.colcon_core.environment:checking '/home/andrea/dobot_v3/install/nova2_moveit' for CMake config files
[1.721s] Level 1:colcon.colcon_core.shell:create_environment_hook('nova2_moveit', 'cmake_prefix_path')
[1.721s] INFO:colcon.colcon_core.shell:Creating environment hook '/home/andrea/dobot_v3/install/nova2_moveit/share/nova2_moveit/hook/cmake_prefix_path.ps1'
[1.722s] INFO:colcon.colcon_core.shell:Creating environment descriptor '/home/andrea/dobot_v3/install/nova2_moveit/share/nova2_moveit/hook/cmake_prefix_path.dsv'
[1.722s] INFO:colcon.colcon_core.shell:Creating environment hook '/home/andrea/dobot_v3/install/nova2_moveit/share/nova2_moveit/hook/cmake_prefix_path.sh'
[1.723s] Level 1:colcon.colcon_core.environment:checking '/home/andrea/dobot_v3/install/nova2_moveit/bin'
[1.723s] Level 1:colcon.colcon_core.environment:checking '/home/andrea/dobot_v3/install/nova2_moveit/lib/pkgconfig/nova2_moveit.pc'
[1.723s] Level 1:colcon.colcon_core.environment:checking '/home/andrea/dobot_v3/install/nova2_moveit/lib/python3.10/site-packages'
[1.723s] Level 1:colcon.colcon_core.environment:checking '/home/andrea/dobot_v3/install/nova2_moveit/bin'
[1.723s] INFO:colcon.colcon_core.shell:Creating package script '/home/andrea/dobot_v3/install/nova2_moveit/share/nova2_moveit/package.ps1'
[1.724s] INFO:colcon.colcon_core.shell:Creating package descriptor '/home/andrea/dobot_v3/install/nova2_moveit/share/nova2_moveit/package.dsv'
[1.724s] INFO:colcon.colcon_core.shell:Creating package script '/home/andrea/dobot_v3/install/nova2_moveit/share/nova2_moveit/package.sh'
[1.725s] INFO:colcon.colcon_core.shell:Creating package script '/home/andrea/dobot_v3/install/nova2_moveit/share/nova2_moveit/package.bash'
[1.725s] INFO:colcon.colcon_core.shell:Creating package script '/home/andrea/dobot_v3/install/nova2_moveit/share/nova2_moveit/package.zsh'
[1.725s] Level 1:colcon.colcon_core.environment:create_file_with_runtime_dependencies(/home/andrea/dobot_v3/install/nova2_moveit/share/colcon-core/packages/nova2_moveit)
[1.726s] Level 1:colcon.colcon_core.environment:create_environment_scripts_only(nova2_moveit)
[1.726s] Level 1:colcon.colcon_core.environment:checking '/home/andrea/dobot_v3/install/nova2_moveit' for CMake module files
[1.726s] Level 1:colcon.colcon_core.environment:checking '/home/andrea/dobot_v3/install/nova2_moveit' for CMake config files
[1.726s] Level 1:colcon.colcon_core.shell:create_environment_hook('nova2_moveit', 'cmake_prefix_path')
[1.726s] INFO:colcon.colcon_core.shell:Creating environment hook '/home/andrea/dobot_v3/install/nova2_moveit/share/nova2_moveit/hook/cmake_prefix_path.ps1'
[1.727s] INFO:colcon.colcon_core.shell:Creating environment descriptor '/home/andrea/dobot_v3/install/nova2_moveit/share/nova2_moveit/hook/cmake_prefix_path.dsv'
[1.727s] INFO:colcon.colcon_core.shell:Creating environment hook '/home/andrea/dobot_v3/install/nova2_moveit/share/nova2_moveit/hook/cmake_prefix_path.sh'
[1.728s] Level 1:colcon.colcon_core.environment:checking '/home/andrea/dobot_v3/install/nova2_moveit/bin'
[1.728s] Level 1:colcon.colcon_core.environment:checking '/home/andrea/dobot_v3/install/nova2_moveit/lib/pkgconfig/nova2_moveit.pc'
[1.728s] Level 1:colcon.colcon_core.environment:checking '/home/andrea/dobot_v3/install/nova2_moveit/lib/python3.10/site-packages'
[1.728s] Level 1:colcon.colcon_core.environment:checking '/home/andrea/dobot_v3/install/nova2_moveit/bin'
[1.728s] INFO:colcon.colcon_core.shell:Creating package script '/home/andrea/dobot_v3/install/nova2_moveit/share/nova2_moveit/package.ps1'
[1.729s] INFO:colcon.colcon_core.shell:Creating package descriptor '/home/andrea/dobot_v3/install/nova2_moveit/share/nova2_moveit/package.dsv'
[1.729s] INFO:colcon.colcon_core.shell:Creating package script '/home/andrea/dobot_v3/install/nova2_moveit/share/nova2_moveit/package.sh'
[1.730s] INFO:colcon.colcon_core.shell:Creating package script '/home/andrea/dobot_v3/install/nova2_moveit/share/nova2_moveit/package.bash'
[1.730s] INFO:colcon.colcon_core.shell:Creating package script '/home/andrea/dobot_v3/install/nova2_moveit/share/nova2_moveit/package.zsh'
[1.730s] Level 1:colcon.colcon_core.environment:create_file_with_runtime_dependencies(/home/andrea/dobot_v3/install/nova2_moveit/share/colcon-core/packages/nova2_moveit)
[1.742s] DEBUG:colcon.colcon_core.event_handler.log_command:Invoked command in '/home/andrea/dobot_v3/build/nova5_moveit' returned '0': CMAKE_PREFIX_PATH=/home/andrea/dobot_v3/install/dobot_rviz:/home/andrea/dobot_v3/install/nova5_moveit:/home/andrea/dobot_v3/install/nova2_moveit:/home/andrea/dobot_v3/install/cr7_moveit:/home/andrea/dobot_v3/install/cr5_moveit:/home/andrea/dobot_v3/install/cr3_moveit:/home/andrea/dobot_v3/install/cr16_moveit:/home/andrea/dobot_v3/install/cr12_moveit:/home/andrea/dobot_v3/install/cr10_moveit:/home/andrea/dobot_v3/install/dobot_msgs_v3:/home/andrea/dobot_v3/install/dobot_gazebo:/home/andrea/dobot_v3/install/cr5_moveit_cpp_demo:/home/andrea/dobot_v3/install/custom_messages:/home/andrea/dobot_v3/install/cra_description:/home/andrea/dobot_v3/install/servo_action:/home/andrea/dobot_v3/install/dobot_bringup_v3:/home/andrea/dobot_v3/install/dobot_moveit:/home/andrea/dobot_v3/install/dobot_demo:/opt/ros/humble /usr/bin/cmake --build /home/andrea/dobot_v3/build/nova5_moveit -- -j12 -l12
[1.747s] DEBUG:colcon.colcon_core.event_handler.log_command:Invoking command in '/home/andrea/dobot_v3/build/nova5_moveit': CMAKE_PREFIX_PATH=/home/andrea/dobot_v3/install/dobot_rviz:/home/andrea/dobot_v3/install/nova5_moveit:/home/andrea/dobot_v3/install/nova2_moveit:/home/andrea/dobot_v3/install/cr7_moveit:/home/andrea/dobot_v3/install/cr5_moveit:/home/andrea/dobot_v3/install/cr3_moveit:/home/andrea/dobot_v3/install/cr16_moveit:/home/andrea/dobot_v3/install/cr12_moveit:/home/andrea/dobot_v3/install/cr10_moveit:/home/andrea/dobot_v3/install/dobot_msgs_v3:/home/andrea/dobot_v3/install/dobot_gazebo:/home/andrea/dobot_v3/install/cr5_moveit_cpp_demo:/home/andrea/dobot_v3/install/custom_messages:/home/andrea/dobot_v3/install/cra_description:/home/andrea/dobot_v3/install/servo_action:/home/andrea/dobot_v3/install/dobot_bringup_v3:/home/andrea/dobot_v3/install/dobot_moveit:/home/andrea/dobot_v3/install/dobot_demo:/opt/ros/humble /usr/bin/cmake --install /home/andrea/dobot_v3/build/nova5_moveit
[1.759s] Level 1:colcon.colcon_core.environment:create_environment_scripts_only(nova5_moveit)
[1.760s] Level 1:colcon.colcon_core.environment:checking '/home/andrea/dobot_v3/install/nova5_moveit' for CMake module files
[1.761s] DEBUG:colcon.colcon_core.event_handler.log_command:Invoked command in '/home/andrea/dobot_v3/build/nova5_moveit' returned '0': CMAKE_PREFIX_PATH=/home/andrea/dobot_v3/install/dobot_rviz:/home/andrea/dobot_v3/install/nova5_moveit:/home/andrea/dobot_v3/install/nova2_moveit:/home/andrea/dobot_v3/install/cr7_moveit:/home/andrea/dobot_v3/install/cr5_moveit:/home/andrea/dobot_v3/install/cr3_moveit:/home/andrea/dobot_v3/install/cr16_moveit:/home/andrea/dobot_v3/install/cr12_moveit:/home/andrea/dobot_v3/install/cr10_moveit:/home/andrea/dobot_v3/install/dobot_msgs_v3:/home/andrea/dobot_v3/install/dobot_gazebo:/home/andrea/dobot_v3/install/cr5_moveit_cpp_demo:/home/andrea/dobot_v3/install/custom_messages:/home/andrea/dobot_v3/install/cra_description:/home/andrea/dobot_v3/install/servo_action:/home/andrea/dobot_v3/install/dobot_bringup_v3:/home/andrea/dobot_v3/install/dobot_moveit:/home/andrea/dobot_v3/install/dobot_demo:/opt/ros/humble /usr/bin/cmake --install /home/andrea/dobot_v3/build/nova5_moveit
[1.761s] Level 1:colcon.colcon_core.environment:checking '/home/andrea/dobot_v3/install/nova5_moveit' for CMake config files
[1.761s] Level 1:colcon.colcon_core.shell:create_environment_hook('nova5_moveit', 'cmake_prefix_path')
[1.762s] INFO:colcon.colcon_core.shell:Creating environment hook '/home/andrea/dobot_v3/install/nova5_moveit/share/nova5_moveit/hook/cmake_prefix_path.ps1'
[1.762s] INFO:colcon.colcon_core.shell:Creating environment descriptor '/home/andrea/dobot_v3/install/nova5_moveit/share/nova5_moveit/hook/cmake_prefix_path.dsv'
[1.763s] INFO:colcon.colcon_core.shell:Creating environment hook '/home/andrea/dobot_v3/install/nova5_moveit/share/nova5_moveit/hook/cmake_prefix_path.sh'
[1.764s] Level 1:colcon.colcon_core.environment:checking '/home/andrea/dobot_v3/install/nova5_moveit/bin'
[1.764s] Level 1:colcon.colcon_core.environment:checking '/home/andrea/dobot_v3/install/nova5_moveit/lib/pkgconfig/nova5_moveit.pc'
[1.764s] Level 1:colcon.colcon_core.environment:checking '/home/andrea/dobot_v3/install/nova5_moveit/lib/python3.10/site-packages'
[1.764s] Level 1:colcon.colcon_core.environment:checking '/home/andrea/dobot_v3/install/nova5_moveit/bin'
[1.765s] INFO:colcon.colcon_core.shell:Creating package script '/home/andrea/dobot_v3/install/nova5_moveit/share/nova5_moveit/package.ps1'
[1.766s] INFO:colcon.colcon_core.shell:Creating package descriptor '/home/andrea/dobot_v3/install/nova5_moveit/share/nova5_moveit/package.dsv'
[1.766s] INFO:colcon.colcon_core.shell:Creating package script '/home/andrea/dobot_v3/install/nova5_moveit/share/nova5_moveit/package.sh'
[1.767s] INFO:colcon.colcon_core.shell:Creating package script '/home/andrea/dobot_v3/install/nova5_moveit/share/nova5_moveit/package.bash'
[1.767s] INFO:colcon.colcon_core.shell:Creating package script '/home/andrea/dobot_v3/install/nova5_moveit/share/nova5_moveit/package.zsh'
[1.767s] Level 1:colcon.colcon_core.environment:create_file_with_runtime_dependencies(/home/andrea/dobot_v3/install/nova5_moveit/share/colcon-core/packages/nova5_moveit)
[1.768s] Level 1:colcon.colcon_core.environment:create_environment_scripts_only(nova5_moveit)
[1.768s] Level 1:colcon.colcon_core.environment:checking '/home/andrea/dobot_v3/install/nova5_moveit' for CMake module files
[1.769s] Level 1:colcon.colcon_core.environment:checking '/home/andrea/dobot_v3/install/nova5_moveit' for CMake config files
[1.769s] Level 1:colcon.colcon_core.shell:create_environment_hook('nova5_moveit', 'cmake_prefix_path')
[1.770s] INFO:colcon.colcon_core.shell:Creating environment hook '/home/andrea/dobot_v3/install/nova5_moveit/share/nova5_moveit/hook/cmake_prefix_path.ps1'
[1.770s] INFO:colcon.colcon_core.shell:Creating environment descriptor '/home/andrea/dobot_v3/install/nova5_moveit/share/nova5_moveit/hook/cmake_prefix_path.dsv'
[1.770s] INFO:colcon.colcon_core.shell:Creating environment hook '/home/andrea/dobot_v3/install/nova5_moveit/share/nova5_moveit/hook/cmake_prefix_path.sh'
[1.771s] Level 1:colcon.colcon_core.environment:checking '/home/andrea/dobot_v3/install/nova5_moveit/bin'
[1.771s] Level 1:colcon.colcon_core.environment:checking '/home/andrea/dobot_v3/install/nova5_moveit/lib/pkgconfig/nova5_moveit.pc'
[1.771s] Level 1:colcon.colcon_core.environment:checking '/home/andrea/dobot_v3/install/nova5_moveit/lib/python3.10/site-packages'
[1.771s] Level 1:colcon.colcon_core.environment:checking '/home/andrea/dobot_v3/install/nova5_moveit/bin'
[1.771s] INFO:colcon.colcon_core.shell:Creating package script '/home/andrea/dobot_v3/install/nova5_moveit/share/nova5_moveit/package.ps1'
[1.772s] INFO:colcon.colcon_core.shell:Creating package descriptor '/home/andrea/dobot_v3/install/nova5_moveit/share/nova5_moveit/package.dsv'
[1.772s] INFO:colcon.colcon_core.shell:Creating package script '/home/andrea/dobot_v3/install/nova5_moveit/share/nova5_moveit/package.sh'
[1.772s] INFO:colcon.colcon_core.shell:Creating package script '/home/andrea/dobot_v3/install/nova5_moveit/share/nova5_moveit/package.bash'
[1.772s] INFO:colcon.colcon_core.shell:Creating package script '/home/andrea/dobot_v3/install/nova5_moveit/share/nova5_moveit/package.zsh'
[1.773s] Level 1:colcon.colcon_core.environment:create_file_with_runtime_dependencies(/home/andrea/dobot_v3/install/nova5_moveit/share/colcon-core/packages/nova5_moveit)
[1.961s] DEBUG:colcon.colcon_core.event_handler.log_command:Invoking command in '/home/andrea/dobot_v3/src/DOBOT_6Axis_ROS2_V3/dobot_demo': PYTHONPATH=/home/andrea/dobot_v3/build/dobot_demo/prefix_override:/usr/lib/python3/dist-packages/colcon_core/task/python/colcon_distutils_commands:/home/andrea/dobot_v3/install/dobot_demo/lib/python3.10/site-packages:${PYTHONPATH} /usr/bin/python3 -W ignore:setup.py install is deprecated -W ignore:easy_install command is deprecated setup.py egg_info --egg-base ../../../build/dobot_demo build --build-base /home/andrea/dobot_v3/build/dobot_demo/build install --record /home/andrea/dobot_v3/build/dobot_demo/install.log --single-version-externally-managed install_data
[1.962s] DEBUG:colcon.colcon_core.event_handler.log_command:Invoking command in '/home/andrea/dobot_v3/src/DOBOT_6Axis_ROS2_V3/servo_action': PYTHONPATH=/home/andrea/dobot_v3/build/servo_action/prefix_override:/usr/lib/python3/dist-packages/colcon_core/task/python/colcon_distutils_commands:/home/andrea/dobot_v3/install/servo_action/lib/python3.10/site-packages:${PYTHONPATH} /usr/bin/python3 -W ignore:setup.py install is deprecated -W ignore:easy_install command is deprecated setup.py egg_info --egg-base ../../../build/servo_action build --build-base /home/andrea/dobot_v3/build/servo_action/build install --record /home/andrea/dobot_v3/build/servo_action/install.log --single-version-externally-managed install_data
[1.984s] DEBUG:colcon.colcon_core.event_handler.log_command:Invoking command in '/home/andrea/dobot_v3/src/DOBOT_6Axis_ROS2_V3/dobot_moveit': PYTHONPATH=/home/andrea/dobot_v3/build/dobot_moveit/prefix_override:/usr/lib/python3/dist-packages/colcon_core/task/python/colcon_distutils_commands:/home/andrea/dobot_v3/install/dobot_moveit/lib/python3.10/site-packages:${PYTHONPATH} /usr/bin/python3 -W ignore:setup.py install is deprecated -W ignore:easy_install command is deprecated setup.py egg_info --egg-base ../../../build/dobot_moveit build --build-base /home/andrea/dobot_v3/build/dobot_moveit/build install --record /home/andrea/dobot_v3/build/dobot_moveit/install.log --single-version-externally-managed install_data
[2.378s] Level 1:colcon.colcon_core.environment:checking '/home/andrea/dobot_v3/install/dobot_moveit' for CMake module files
[2.379s] Level 1:colcon.colcon_core.environment:checking '/home/andrea/dobot_v3/install/dobot_moveit' for CMake config files
[2.380s] Level 1:colcon.colcon_core.environment:checking '/home/andrea/dobot_v3/install/dobot_moveit/lib'
[2.380s] Level 1:colcon.colcon_core.environment:checking '/home/andrea/dobot_v3/install/dobot_moveit/bin'
[2.380s] Level 1:colcon.colcon_core.environment:checking '/home/andrea/dobot_v3/install/dobot_moveit/lib/pkgconfig/dobot_moveit.pc'
[2.381s] Level 1:colcon.colcon_core.environment:checking '/home/andrea/dobot_v3/install/dobot_moveit/lib/python3.10/site-packages'
[2.381s] DEBUG:colcon.colcon_core.event_handler.log_command:Invoked command in '/home/andrea/dobot_v3/src/DOBOT_6Axis_ROS2_V3/dobot_moveit' returned '0': PYTHONPATH=/home/andrea/dobot_v3/build/dobot_moveit/prefix_override:/usr/lib/python3/dist-packages/colcon_core/task/python/colcon_distutils_commands:/home/andrea/dobot_v3/install/dobot_moveit/lib/python3.10/site-packages:${PYTHONPATH} /usr/bin/python3 -W ignore:setup.py install is deprecated -W ignore:easy_install command is deprecated setup.py egg_info --egg-base ../../../build/dobot_moveit build --build-base /home/andrea/dobot_v3/build/dobot_moveit/build install --record /home/andrea/dobot_v3/build/dobot_moveit/install.log --single-version-externally-managed install_data
[2.381s] Level 1:colcon.colcon_core.shell:create_environment_hook('dobot_moveit', 'pythonpath')
[2.382s] INFO:colcon.colcon_core.shell:Creating environment hook '/home/andrea/dobot_v3/install/dobot_moveit/share/dobot_moveit/hook/pythonpath.ps1'
[2.383s] INFO:colcon.colcon_core.shell:Creating environment descriptor '/home/andrea/dobot_v3/install/dobot_moveit/share/dobot_moveit/hook/pythonpath.dsv'
[2.384s] INFO:colcon.colcon_core.shell:Creating environment hook '/home/andrea/dobot_v3/install/dobot_moveit/share/dobot_moveit/hook/pythonpath.sh'
[2.385s] Level 1:colcon.colcon_core.environment:checking '/home/andrea/dobot_v3/install/dobot_moveit/bin'
[2.385s] Level 1:colcon.colcon_core.environment:create_environment_scripts_only(dobot_moveit)
[2.386s] INFO:colcon.colcon_core.shell:Creating package script '/home/andrea/dobot_v3/install/dobot_moveit/share/dobot_moveit/package.ps1'
[2.387s] INFO:colcon.colcon_core.shell:Creating package descriptor '/home/andrea/dobot_v3/install/dobot_moveit/share/dobot_moveit/package.dsv'
[2.388s] INFO:colcon.colcon_core.shell:Creating package script '/home/andrea/dobot_v3/install/dobot_moveit/share/dobot_moveit/package.sh'
[2.389s] INFO:colcon.colcon_core.shell:Creating package script '/home/andrea/dobot_v3/install/dobot_moveit/share/dobot_moveit/package.bash'
[2.390s] INFO:colcon.colcon_core.shell:Creating package script '/home/andrea/dobot_v3/install/dobot_moveit/share/dobot_moveit/package.zsh'
[2.390s] Level 1:colcon.colcon_core.environment:create_file_with_runtime_dependencies(/home/andrea/dobot_v3/install/dobot_moveit/share/colcon-core/packages/dobot_moveit)
[2.417s] Level 1:colcon.colcon_core.environment:checking '/home/andrea/dobot_v3/install/servo_action' for CMake module files
[2.418s] Level 1:colcon.colcon_core.environment:checking '/home/andrea/dobot_v3/install/servo_action' for CMake config files
[2.419s] DEBUG:colcon.colcon_core.event_handler.log_command:Invoked command in '/home/andrea/dobot_v3/src/DOBOT_6Axis_ROS2_V3/servo_action' returned '0': PYTHONPATH=/home/andrea/dobot_v3/build/servo_action/prefix_override:/usr/lib/python3/dist-packages/colcon_core/task/python/colcon_distutils_commands:/home/andrea/dobot_v3/install/servo_action/lib/python3.10/site-packages:${PYTHONPATH} /usr/bin/python3 -W ignore:setup.py install is deprecated -W ignore:easy_install command is deprecated setup.py egg_info --egg-base ../../../build/servo_action build --build-base /home/andrea/dobot_v3/build/servo_action/build install --record /home/andrea/dobot_v3/build/servo_action/install.log --single-version-externally-managed install_data
[2.423s] Level 1:colcon.colcon_core.environment:checking '/home/andrea/dobot_v3/install/servo_action/lib'
[2.423s] Level 1:colcon.colcon_core.environment:checking '/home/andrea/dobot_v3/install/servo_action/bin'
[2.423s] Level 1:colcon.colcon_core.environment:checking '/home/andrea/dobot_v3/install/servo_action/lib/pkgconfig/servo_action.pc'
[2.424s] Level 1:colcon.colcon_core.environment:checking '/home/andrea/dobot_v3/install/servo_action/lib/python3.10/site-packages'
[2.424s] Level 1:colcon.colcon_core.shell:create_environment_hook('servo_action', 'pythonpath')
[2.424s] INFO:colcon.colcon_core.shell:Creating environment hook '/home/andrea/dobot_v3/install/servo_action/share/servo_action/hook/pythonpath.ps1'
[2.429s] INFO:colcon.colcon_core.shell:Creating environment descriptor '/home/andrea/dobot_v3/install/servo_action/share/servo_action/hook/pythonpath.dsv'
[2.430s] INFO:colcon.colcon_core.shell:Creating environment hook '/home/andrea/dobot_v3/install/servo_action/share/servo_action/hook/pythonpath.sh'
[2.438s] Level 1:colcon.colcon_core.environment:checking '/home/andrea/dobot_v3/install/servo_action/bin'
[2.438s] Level 1:colcon.colcon_core.environment:create_environment_scripts_only(servo_action)
[2.439s] INFO:colcon.colcon_core.shell:Creating package script '/home/andrea/dobot_v3/install/servo_action/share/servo_action/package.ps1'
[2.440s] INFO:colcon.colcon_core.shell:Creating package descriptor '/home/andrea/dobot_v3/install/servo_action/share/servo_action/package.dsv'
[2.445s] INFO:colcon.colcon_core.shell:Creating package script '/home/andrea/dobot_v3/install/servo_action/share/servo_action/package.sh'
[2.445s] INFO:colcon.colcon_core.shell:Creating package script '/home/andrea/dobot_v3/install/servo_action/share/servo_action/package.bash'
[2.446s] INFO:colcon.colcon_core.shell:Creating package script '/home/andrea/dobot_v3/install/servo_action/share/servo_action/package.zsh'
[2.446s] Level 1:colcon.colcon_core.environment:create_file_with_runtime_dependencies(/home/andrea/dobot_v3/install/servo_action/share/colcon-core/packages/servo_action)
[2.557s] Level 1:colcon.colcon_core.environment:checking '/home/andrea/dobot_v3/install/dobot_demo' for CMake module files
[2.558s] DEBUG:colcon.colcon_core.event_handler.log_command:Invoked command in '/home/andrea/dobot_v3/src/DOBOT_6Axis_ROS2_V3/dobot_demo' returned '0': PYTHONPATH=/home/andrea/dobot_v3/build/dobot_demo/prefix_override:/usr/lib/python3/dist-packages/colcon_core/task/python/colcon_distutils_commands:/home/andrea/dobot_v3/install/dobot_demo/lib/python3.10/site-packages:${PYTHONPATH} /usr/bin/python3 -W ignore:setup.py install is deprecated -W ignore:easy_install command is deprecated setup.py egg_info --egg-base ../../../build/dobot_demo build --build-base /home/andrea/dobot_v3/build/dobot_demo/build install --record /home/andrea/dobot_v3/build/dobot_demo/install.log --single-version-externally-managed install_data
[2.558s] Level 1:colcon.colcon_core.environment:checking '/home/andrea/dobot_v3/install/dobot_demo' for CMake config files
[2.559s] Level 1:colcon.colcon_core.environment:checking '/home/andrea/dobot_v3/install/dobot_demo/lib'
[2.560s] Level 1:colcon.colcon_core.environment:checking '/home/andrea/dobot_v3/install/dobot_demo/bin'
[2.560s] Level 1:colcon.colcon_core.environment:checking '/home/andrea/dobot_v3/install/dobot_demo/lib/pkgconfig/dobot_demo.pc'
[2.560s] Level 1:colcon.colcon_core.environment:checking '/home/andrea/dobot_v3/install/dobot_demo/lib/python3.10/site-packages'
[2.560s] Level 1:colcon.colcon_core.shell:create_environment_hook('dobot_demo', 'pythonpath')
[2.561s] INFO:colcon.colcon_core.shell:Creating environment hook '/home/andrea/dobot_v3/install/dobot_demo/share/dobot_demo/hook/pythonpath.ps1'
[2.562s] INFO:colcon.colcon_core.shell:Creating environment descriptor '/home/andrea/dobot_v3/install/dobot_demo/share/dobot_demo/hook/pythonpath.dsv'
[2.562s] INFO:colcon.colcon_core.shell:Creating environment hook '/home/andrea/dobot_v3/install/dobot_demo/share/dobot_demo/hook/pythonpath.sh'
[2.564s] Level 1:colcon.colcon_core.environment:checking '/home/andrea/dobot_v3/install/dobot_demo/bin'
[2.564s] Level 1:colcon.colcon_core.environment:create_environment_scripts_only(dobot_demo)
[2.565s] INFO:colcon.colcon_core.shell:Creating package script '/home/andrea/dobot_v3/install/dobot_demo/share/dobot_demo/package.ps1'
[2.566s] INFO:colcon.colcon_core.shell:Creating package descriptor '/home/andrea/dobot_v3/install/dobot_demo/share/dobot_demo/package.dsv'
[2.567s] INFO:colcon.colcon_core.shell:Creating package script '/home/andrea/dobot_v3/install/dobot_demo/share/dobot_demo/package.sh'
[2.567s] INFO:colcon.colcon_core.shell:Creating package script '/home/andrea/dobot_v3/install/dobot_demo/share/dobot_demo/package.bash'
[2.568s] INFO:colcon.colcon_core.shell:Creating package script '/home/andrea/dobot_v3/install/dobot_demo/share/dobot_demo/package.zsh'
[2.569s] Level 1:colcon.colcon_core.environment:create_file_with_runtime_dependencies(/home/andrea/dobot_v3/install/dobot_demo/share/colcon-core/packages/dobot_demo)
[3.901s] DEBUG:colcon.colcon_core.event_handler.log_command:Invoked command in '/home/andrea/dobot_v3/build/custom_messages' returned '0': CMAKE_PREFIX_PATH=${CMAKE_PREFIX_PATH}:/home/andrea/dobot_v3/install/servo_action:/home/andrea/dobot_v3/install/dobot_bringup_v3:/home/andrea/dobot_v3/install/dobot_moveit:/home/andrea/dobot_v3/install/dobot_demo:/opt/ros/humble /usr/bin/cmake --build /home/andrea/dobot_v3/build/custom_messages -- -j12 -l12
[3.904s] DEBUG:colcon.colcon_core.event_handler.log_command:Invoking command in '/home/andrea/dobot_v3/build/custom_messages': CMAKE_PREFIX_PATH=${CMAKE_PREFIX_PATH}:/home/andrea/dobot_v3/install/servo_action:/home/andrea/dobot_v3/install/dobot_bringup_v3:/home/andrea/dobot_v3/install/dobot_moveit:/home/andrea/dobot_v3/install/dobot_demo:/opt/ros/humble /usr/bin/cmake --install /home/andrea/dobot_v3/build/custom_messages
[3.987s] Level 1:colcon.colcon_core.environment:create_environment_scripts_only(custom_messages)
[3.988s] Level 1:colcon.colcon_core.environment:checking '/home/andrea/dobot_v3/install/custom_messages' for CMake module files
[3.988s] DEBUG:colcon.colcon_core.event_handler.log_command:Invoked command in '/home/andrea/dobot_v3/build/custom_messages' returned '0': CMAKE_PREFIX_PATH=${CMAKE_PREFIX_PATH}:/home/andrea/dobot_v3/install/servo_action:/home/andrea/dobot_v3/install/dobot_bringup_v3:/home/andrea/dobot_v3/install/dobot_moveit:/home/andrea/dobot_v3/install/dobot_demo:/opt/ros/humble /usr/bin/cmake --install /home/andrea/dobot_v3/build/custom_messages
[3.989s] Level 1:colcon.colcon_core.environment:checking '/home/andrea/dobot_v3/install/custom_messages' for CMake config files
[3.990s] Level 1:colcon.colcon_core.shell:create_environment_hook('custom_messages', 'cmake_prefix_path')
[3.990s] INFO:colcon.colcon_core.shell:Creating environment hook '/home/andrea/dobot_v3/install/custom_messages/share/custom_messages/hook/cmake_prefix_path.ps1'
[3.991s] INFO:colcon.colcon_core.shell:Creating environment descriptor '/home/andrea/dobot_v3/install/custom_messages/share/custom_messages/hook/cmake_prefix_path.dsv'
[3.992s] INFO:colcon.colcon_core.shell:Creating environment hook '/home/andrea/dobot_v3/install/custom_messages/share/custom_messages/hook/cmake_prefix_path.sh'
[3.992s] Level 1:colcon.colcon_core.environment:checking '/home/andrea/dobot_v3/install/custom_messages/lib'
[3.993s] Level 1:colcon.colcon_core.shell:create_environment_hook('custom_messages', 'ld_library_path_lib')
[3.993s] INFO:colcon.colcon_core.shell:Creating environment hook '/home/andrea/dobot_v3/install/custom_messages/share/custom_messages/hook/ld_library_path_lib.ps1'
[3.993s] INFO:colcon.colcon_core.shell:Creating environment descriptor '/home/andrea/dobot_v3/install/custom_messages/share/custom_messages/hook/ld_library_path_lib.dsv'
[3.994s] INFO:colcon.colcon_core.shell:Creating environment hook '/home/andrea/dobot_v3/install/custom_messages/share/custom_messages/hook/ld_library_path_lib.sh'
[3.994s] Level 1:colcon.colcon_core.environment:checking '/home/andrea/dobot_v3/install/custom_messages/bin'
[3.995s] Level 1:colcon.colcon_core.environment:checking '/home/andrea/dobot_v3/install/custom_messages/lib/pkgconfig/custom_messages.pc'
[3.995s] Level 1:colcon.colcon_core.environment:checking '/home/andrea/dobot_v3/install/custom_messages/lib/python3.10/site-packages'
[3.995s] Level 1:colcon.colcon_core.environment:checking '/home/andrea/dobot_v3/install/custom_messages/bin'
[3.996s] INFO:colcon.colcon_core.shell:Creating package script '/home/andrea/dobot_v3/install/custom_messages/share/custom_messages/package.ps1'
[3.997s] INFO:colcon.colcon_core.shell:Creating package descriptor '/home/andrea/dobot_v3/install/custom_messages/share/custom_messages/package.dsv'
[3.997s] INFO:colcon.colcon_core.shell:Creating package script '/home/andrea/dobot_v3/install/custom_messages/share/custom_messages/package.sh'
[3.998s] INFO:colcon.colcon_core.shell:Creating package script '/home/andrea/dobot_v3/install/custom_messages/share/custom_messages/package.bash'
[3.998s] INFO:colcon.colcon_core.shell:Creating package script '/home/andrea/dobot_v3/install/custom_messages/share/custom_messages/package.zsh'
[3.999s] Level 1:colcon.colcon_core.environment:create_file_with_runtime_dependencies(/home/andrea/dobot_v3/install/custom_messages/share/colcon-core/packages/custom_messages)
[4.000s] Level 1:colcon.colcon_core.environment:create_environment_scripts_only(custom_messages)
[4.000s] Level 1:colcon.colcon_core.environment:checking '/home/andrea/dobot_v3/install/custom_messages' for CMake module files
[4.001s] Level 1:colcon.colcon_core.environment:checking '/home/andrea/dobot_v3/install/custom_messages' for CMake config files
[4.002s] Level 1:colcon.colcon_core.shell:create_environment_hook('custom_messages', 'cmake_prefix_path')
[4.002s] INFO:colcon.colcon_core.shell:Creating environment hook '/home/andrea/dobot_v3/install/custom_messages/share/custom_messages/hook/cmake_prefix_path.ps1'
[4.003s] INFO:colcon.colcon_core.shell:Creating environment descriptor '/home/andrea/dobot_v3/install/custom_messages/share/custom_messages/hook/cmake_prefix_path.dsv'
[4.003s] INFO:colcon.colcon_core.shell:Creating environment hook '/home/andrea/dobot_v3/install/custom_messages/share/custom_messages/hook/cmake_prefix_path.sh'
[4.004s] Level 1:colcon.colcon_core.environment:checking '/home/andrea/dobot_v3/install/custom_messages/lib'
[4.004s] Level 1:colcon.colcon_core.shell:create_environment_hook('custom_messages', 'ld_library_path_lib')
[4.004s] INFO:colcon.colcon_core.shell:Creating environment hook '/home/andrea/dobot_v3/install/custom_messages/share/custom_messages/hook/ld_library_path_lib.ps1'
[4.005s] INFO:colcon.colcon_core.shell:Creating environment descriptor '/home/andrea/dobot_v3/install/custom_messages/share/custom_messages/hook/ld_library_path_lib.dsv'
[4.005s] INFO:colcon.colcon_core.shell:Creating environment hook '/home/andrea/dobot_v3/install/custom_messages/share/custom_messages/hook/ld_library_path_lib.sh'
[4.006s] Level 1:colcon.colcon_core.environment:checking '/home/andrea/dobot_v3/install/custom_messages/bin'
[4.006s] Level 1:colcon.colcon_core.environment:checking '/home/andrea/dobot_v3/install/custom_messages/lib/pkgconfig/custom_messages.pc'
[4.006s] Level 1:colcon.colcon_core.environment:checking '/home/andrea/dobot_v3/install/custom_messages/lib/python3.10/site-packages'
[4.007s] Level 1:colcon.colcon_core.environment:checking '/home/andrea/dobot_v3/install/custom_messages/bin'
[4.007s] INFO:colcon.colcon_core.shell:Creating package script '/home/andrea/dobot_v3/install/custom_messages/share/custom_messages/package.ps1'
[4.008s] INFO:colcon.colcon_core.shell:Creating package descriptor '/home/andrea/dobot_v3/install/custom_messages/share/custom_messages/package.dsv'
[4.009s] INFO:colcon.colcon_core.shell:Creating package script '/home/andrea/dobot_v3/install/custom_messages/share/custom_messages/package.sh'
[4.009s] INFO:colcon.colcon_core.shell:Creating package script '/home/andrea/dobot_v3/install/custom_messages/share/custom_messages/package.bash'
[4.010s] INFO:colcon.colcon_core.shell:Creating package script '/home/andrea/dobot_v3/install/custom_messages/share/custom_messages/package.zsh'
[4.011s] Level 1:colcon.colcon_core.environment:create_file_with_runtime_dependencies(/home/andrea/dobot_v3/install/custom_messages/share/colcon-core/packages/custom_messages)
[4.011s] INFO:colcon.colcon_ros.task.ament_cmake.build:Building ROS package in '/home/andrea/dobot_v3/src/cr5_moveit_cpp_demo' with build type 'ament_cmake'
[4.011s] INFO:colcon.colcon_cmake.task.cmake.build:Building CMake package in '/home/andrea/dobot_v3/src/cr5_moveit_cpp_demo'
[4.012s] INFO:colcon.colcon_core.shell:Skip shell extension 'powershell' for command environment: Not usable outside of PowerShell
[4.012s] DEBUG:colcon.colcon_core.shell:Skip shell extension 'dsv' for command environment
[4.033s] DEBUG:colcon.colcon_core.event_handler.log_command:Invoking command in '/home/andrea/dobot_v3/build/cr5_moveit_cpp_demo': CMAKE_PREFIX_PATH=/home/andrea/dobot_v3/install/custom_messages:/home/andrea/dobot_v3/install/nova5_moveit:/home/andrea/dobot_v3/install/nova2_moveit:/home/andrea/dobot_v3/install/cr7_moveit:/home/andrea/dobot_v3/install/cr5_moveit:/home/andrea/dobot_v3/install/cr3_moveit:/home/andrea/dobot_v3/install/cr16_moveit:/home/andrea/dobot_v3/install/cr12_moveit:/home/andrea/dobot_v3/install/cr10_moveit:/home/andrea/dobot_v3/install/dobot_rviz:/home/andrea/dobot_v3/install/dobot_msgs_v3:/home/andrea/dobot_v3/install/dobot_gazebo:/home/andrea/dobot_v3/install/cr5_moveit_cpp_demo:/home/andrea/dobot_v3/install/cra_description:/home/andrea/dobot_v3/install/servo_action:/home/andrea/dobot_v3/install/dobot_bringup_v3:/home/andrea/dobot_v3/install/dobot_moveit:/home/andrea/dobot_v3/install/dobot_demo:/opt/ros/humble LD_LIBRARY_PATH=/home/andrea/dobot_v3/install/custom_messages/lib:/home/andrea/dobot_v3/install/dobot_msgs_v3/lib:/usr/lib/x86_64-linux-gnu/gazebo-11/plugins:/opt/ros/humble/opt/rviz_ogre_vendor/lib:/opt/ros/humble/lib/x86_64-linux-gnu:/opt/ros/humble/lib /usr/bin/cmake --build /home/andrea/dobot_v3/build/cr5_moveit_cpp_demo -- -j12 -l12
[46.747s] DEBUG:colcon.colcon_core.event_handler.log_command:Invoked command in '/home/andrea/dobot_v3/build/cr5_moveit_cpp_demo' returned '2': CMAKE_PREFIX_PATH=/home/andrea/dobot_v3/install/custom_messages:/home/andrea/dobot_v3/install/nova5_moveit:/home/andrea/dobot_v3/install/nova2_moveit:/home/andrea/dobot_v3/install/cr7_moveit:/home/andrea/dobot_v3/install/cr5_moveit:/home/andrea/dobot_v3/install/cr3_moveit:/home/andrea/dobot_v3/install/cr16_moveit:/home/andrea/dobot_v3/install/cr12_moveit:/home/andrea/dobot_v3/install/cr10_moveit:/home/andrea/dobot_v3/install/dobot_rviz:/home/andrea/dobot_v3/install/dobot_msgs_v3:/home/andrea/dobot_v3/install/dobot_gazebo:/home/andrea/dobot_v3/install/cr5_moveit_cpp_demo:/home/andrea/dobot_v3/install/cra_description:/home/andrea/dobot_v3/install/servo_action:/home/andrea/dobot_v3/install/dobot_bringup_v3:/home/andrea/dobot_v3/install/dobot_moveit:/home/andrea/dobot_v3/install/dobot_demo:/opt/ros/humble LD_LIBRARY_PATH=/home/andrea/dobot_v3/install/custom_messages/lib:/home/andrea/dobot_v3/install/dobot_msgs_v3/lib:/usr/lib/x86_64-linux-gnu/gazebo-11/plugins:/opt/ros/humble/opt/rviz_ogre_vendor/lib:/opt/ros/humble/lib/x86_64-linux-gnu:/opt/ros/humble/lib /usr/bin/cmake --build /home/andrea/dobot_v3/build/cr5_moveit_cpp_demo -- -j12 -l12
[46.754s] Level 1:colcon.colcon_core.environment:create_environment_scripts_only(cr5_moveit_cpp_demo)
[46.755s] Level 1:colcon.colcon_core.environment:checking '/home/andrea/dobot_v3/install/cr5_moveit_cpp_demo' for CMake module files
[46.756s] Level 1:colcon.colcon_core.environment:checking '/home/andrea/dobot_v3/install/cr5_moveit_cpp_demo' for CMake config files
[46.756s] Level 1:colcon.colcon_core.shell:create_environment_hook('cr5_moveit_cpp_demo', 'cmake_prefix_path')
[46.757s] INFO:colcon.colcon_core.shell:Creating environment hook '/home/andrea/dobot_v3/install/cr5_moveit_cpp_demo/share/cr5_moveit_cpp_demo/hook/cmake_prefix_path.ps1'
[46.762s] INFO:colcon.colcon_core.shell:Creating environment descriptor '/home/andrea/dobot_v3/install/cr5_moveit_cpp_demo/share/cr5_moveit_cpp_demo/hook/cmake_prefix_path.dsv'
[46.763s] INFO:colcon.colcon_core.shell:Creating environment hook '/home/andrea/dobot_v3/install/cr5_moveit_cpp_demo/share/cr5_moveit_cpp_demo/hook/cmake_prefix_path.sh'
[46.765s] Level 1:colcon.colcon_core.environment:checking '/home/andrea/dobot_v3/install/cr5_moveit_cpp_demo/lib'
[46.766s] Level 1:colcon.colcon_core.environment:checking '/home/andrea/dobot_v3/install/cr5_moveit_cpp_demo/bin'
[46.766s] Level 1:colcon.colcon_core.environment:checking '/home/andrea/dobot_v3/install/cr5_moveit_cpp_demo/lib/pkgconfig/cr5_moveit_cpp_demo.pc'
[46.767s] Level 1:colcon.colcon_core.environment:checking '/home/andrea/dobot_v3/install/cr5_moveit_cpp_demo/lib/python3.10/site-packages'
[46.768s] Level 1:colcon.colcon_core.environment:checking '/home/andrea/dobot_v3/install/cr5_moveit_cpp_demo/bin'
[46.769s] INFO:colcon.colcon_core.shell:Creating package script '/home/andrea/dobot_v3/install/cr5_moveit_cpp_demo/share/cr5_moveit_cpp_demo/package.ps1'
[46.771s] INFO:colcon.colcon_core.shell:Creating package descriptor '/home/andrea/dobot_v3/install/cr5_moveit_cpp_demo/share/cr5_moveit_cpp_demo/package.dsv'
[46.772s] INFO:colcon.colcon_core.shell:Creating package script '/home/andrea/dobot_v3/install/cr5_moveit_cpp_demo/share/cr5_moveit_cpp_demo/package.sh'
[46.774s] INFO:colcon.colcon_core.shell:Creating package script '/home/andrea/dobot_v3/install/cr5_moveit_cpp_demo/share/cr5_moveit_cpp_demo/package.bash'
[46.776s] INFO:colcon.colcon_core.shell:Creating package script '/home/andrea/dobot_v3/install/cr5_moveit_cpp_demo/share/cr5_moveit_cpp_demo/package.zsh'
[46.777s] Level 1:colcon.colcon_core.environment:create_file_with_runtime_dependencies(/home/andrea/dobot_v3/install/cr5_moveit_cpp_demo/share/colcon-core/packages/cr5_moveit_cpp_demo)
[77.646s] DEBUG:colcon.colcon_parallel_executor.executor.parallel:closing loop
[77.647s] DEBUG:colcon.colcon_parallel_executor.executor.parallel:loop closed
[77.647s] DEBUG:colcon.colcon_parallel_executor.executor.parallel:run_until_complete finished with '2'
[77.647s] DEBUG:colcon.colcon_core.event_reactor:joining thread
[77.660s] INFO:colcon.colcon_core.plugin_system:Skipping extension 'colcon_notification.desktop_notification.terminal_notifier': Not used on non-Darwin systems
[77.661s] INFO:colcon.colcon_core.plugin_system:Skipping extension 'colcon_notification.desktop_notification.win32': Not used on non-Windows systems
[77.661s] INFO:colcon.colcon_notification.desktop_notification:Sending desktop notification using 'notify2'
[77.784s] DEBUG:colcon.colcon_core.event_reactor:joined thread
[77.785s] INFO:colcon.colcon_core.shell:Creating prefix script '/home/andrea/dobot_v3/install/local_setup.ps1'
[77.786s] INFO:colcon.colcon_core.shell:Creating prefix util module '/home/andrea/dobot_v3/install/_local_setup_util_ps1.py'
[77.788s] INFO:colcon.colcon_core.shell:Creating prefix chain script '/home/andrea/dobot_v3/install/setup.ps1'
[77.790s] INFO:colcon.colcon_core.shell:Creating prefix script '/home/andrea/dobot_v3/install/local_setup.sh'
[77.791s] INFO:colcon.colcon_core.shell:Creating prefix util module '/home/andrea/dobot_v3/install/_local_setup_util_sh.py'
[77.792s] INFO:colcon.colcon_core.shell:Creating prefix chain script '/home/andrea/dobot_v3/install/setup.sh'
[77.793s] INFO:colcon.colcon_core.shell:Creating prefix script '/home/andrea/dobot_v3/install/local_setup.bash'
[77.794s] INFO:colcon.colcon_core.shell:Creating prefix chain script '/home/andrea/dobot_v3/install/setup.bash'
[77.795s] INFO:colcon.colcon_core.shell:Creating prefix script '/home/andrea/dobot_v3/install/local_setup.zsh'
[77.796s] INFO:colcon.colcon_core.shell:Creating prefix chain script '/home/andrea/dobot_v3/install/setup.zsh'
