[0.053s] Invoking command in '/home/andrea/dobot_v3/build/dobot_msgs_v3': CMAKE_PREFIX_PATH=${CMAKE_PREFIX_PATH}:/home/andrea/dobot_v3/install/servo_action:/home/andrea/dobot_v3/install/dobot_bringup_v3:/home/andrea/dobot_v3/install/dobot_moveit:/home/andrea/dobot_v3/install/dobot_demo:/opt/ros/humble /usr/bin/cmake --build /home/andrea/dobot_v3/build/dobot_msgs_v3 -- -j12 -l12
[0.639s] -- Found ament_cmake: 1.3.12 (/opt/ros/humble/share/ament_cmake/cmake)
[0.639s] -- Found rclcpp: 16.0.15 (/opt/ros/humble/share/rclcpp/cmake)
[0.639s] -- Found rosidl_generator_c: 3.1.7 (/opt/ros/humble/share/rosidl_generator_c/cmake)
[0.639s] -- Found rosidl_adapter: 3.1.7 (/opt/ros/humble/share/rosidl_adapter/cmake)
[0.639s] -- Found rosidl_generator_cpp: 3.1.7 (/opt/ros/humble/share/rosidl_generator_cpp/cmake)
[0.639s] -- Using all available rosidl_typesupport_c: rosidl_typesupport_fastrtps_c;rosidl_typesupport_introspection_c
[0.640s] -- Using all available rosidl_typesupport_cpp: rosidl_typesupport_fastrtps_cpp;rosidl_typesupport_introspection_cpp
[0.640s] -- Found rmw_implementation_cmake: 6.1.2 (/opt/ros/humble/share/rmw_implementation_cmake/cmake)
[0.640s] -- Found rmw_fastrtps_cpp: 6.2.9 (/opt/ros/humble/share/rmw_fastrtps_cpp/cmake)
[0.640s] -- Using RMW implementation 'rmw_fastrtps_cpp' as default
[0.640s] -- Found rosidl_default_generators: 1.2.0 (/opt/ros/humble/share/rosidl_default_generators/cmake)
[1.704s] -- Found ament_cmake_ros: 0.10.0 (/opt/ros/humble/share/ament_cmake_ros/cmake)
[2.400s] -- Using all available rosidl_typesupport_c: rosidl_typesupport_fastrtps_c;rosidl_typesupport_introspection_c
[2.622s] -- Using all available rosidl_typesupport_cpp: rosidl_typesupport_fastrtps_cpp;rosidl_typesupport_introspection_cpp
[2.663s] -- Found python_cmake_module: 0.10.0 (/opt/ros/humble/share/python_cmake_module/cmake)
[2.688s] -- Using PYTHON_EXECUTABLE: /usr/bin/python3
[2.688s] -- Using PYTHON_INCLUDE_DIRS: /usr/include/python3.10
[2.688s] -- Using PYTHON_LIBRARIES: /usr/lib/x86_64-linux-gnu/libpython3.10.so
[2.773s] -- Configuring done
[3.009s] -- Generating done
[3.038s] -- Build files have been written to: /home/andrea/dobot_v3/build/dobot_msgs_v3
[3.074s] [  0%] [34m[1mGenerating C code for ROS interfaces[0m
[3.101s] [  0%] [34m[1mGenerating C++ code for ROS interfaces[0m
[3.191s] [  0%] Built target ament_cmake_python_copy_dobot_msgs_v3
[3.575s] running egg_info
[3.576s] writing dobot_msgs_v3.egg-info/PKG-INFO
[3.576s] writing dependency_links to dobot_msgs_v3.egg-info/dependency_links.txt
[3.577s] writing top-level names to dobot_msgs_v3.egg-info/top_level.txt
[3.581s] reading manifest file 'dobot_msgs_v3.egg-info/SOURCES.txt'
[3.584s] writing manifest file 'dobot_msgs_v3.egg-info/SOURCES.txt'
[3.632s] [  0%] Built target ament_cmake_python_build_dobot_msgs_v3_egg
[13.258s] [35m[1mConsolidate compiler generated dependencies of target dobot_msgs_v3__rosidl_generator_c[0m
[13.353s] [  0%] [32mBuilding C object CMakeFiles/dobot_msgs_v3__rosidl_generator_c.dir/rosidl_generator_c/dobot_msgs_v3/msg/detail/tool_vector_actual__functions.c.o[0m
[13.353s] [  0%] [32mBuilding C object CMakeFiles/dobot_msgs_v3__rosidl_generator_c.dir/rosidl_generator_c/dobot_msgs_v3/msg/detail/robot_status__functions.c.o[0m
[13.360s] [  0%] [32mBuilding C object CMakeFiles/dobot_msgs_v3__rosidl_generator_c.dir/rosidl_generator_c/dobot_msgs_v3/srv/detail/acc_j__functions.c.o[0m
[13.386s] [  1%] [32mBuilding C object CMakeFiles/dobot_msgs_v3__rosidl_generator_c.dir/rosidl_generator_c/dobot_msgs_v3/srv/detail/acc_l__functions.c.o[0m
[13.400s] [  1%] [32mBuilding C object CMakeFiles/dobot_msgs_v3__rosidl_generator_c.dir/rosidl_generator_c/dobot_msgs_v3/srv/detail/ao_execute__functions.c.o[0m
[13.423s] [  1%] [32mBuilding C object CMakeFiles/dobot_msgs_v3__rosidl_generator_c.dir/rosidl_generator_c/dobot_msgs_v3/srv/detail/ao__functions.c.o[0m
[13.444s] [  1%] [32mBuilding C object CMakeFiles/dobot_msgs_v3__rosidl_generator_c.dir/rosidl_generator_c/dobot_msgs_v3/srv/detail/arc__functions.c.o[0m
[13.452s] [  1%] [32mBuilding C object CMakeFiles/dobot_msgs_v3__rosidl_generator_c.dir/rosidl_generator_c/dobot_msgs_v3/srv/detail/arch__functions.c.o[0m
[13.470s] [  1%] [32mBuilding C object CMakeFiles/dobot_msgs_v3__rosidl_generator_c.dir/rosidl_generator_c/dobot_msgs_v3/srv/detail/circle__functions.c.o[0m
[13.476s] [  1%] [32mBuilding C object CMakeFiles/dobot_msgs_v3__rosidl_generator_c.dir/rosidl_generator_c/dobot_msgs_v3/srv/detail/brake_control__functions.c.o[0m
[13.535s] [  2%] [32mBuilding C object CMakeFiles/dobot_msgs_v3__rosidl_generator_c.dir/rosidl_generator_c/dobot_msgs_v3/srv/detail/clear_error__functions.c.o[0m
[13.548s] [  2%] [32mBuilding C object CMakeFiles/dobot_msgs_v3__rosidl_generator_c.dir/rosidl_generator_c/dobot_msgs_v3/srv/detail/continues__functions.c.o[0m
[13.579s] [  2%] [32mBuilding C object CMakeFiles/dobot_msgs_v3__rosidl_generator_c.dir/rosidl_generator_c/dobot_msgs_v3/srv/detail/continue_script__functions.c.o[0m
[13.622s] [  2%] [32mBuilding C object CMakeFiles/dobot_msgs_v3__rosidl_generator_c.dir/rosidl_generator_c/dobot_msgs_v3/srv/detail/di__functions.c.o[0m
[13.638s] [  2%] [32mBuilding C object CMakeFiles/dobot_msgs_v3__rosidl_generator_c.dir/rosidl_generator_c/dobot_msgs_v3/srv/detail/digital_outputs__functions.c.o[0m
[13.638s] [  2%] [32mBuilding C object CMakeFiles/dobot_msgs_v3__rosidl_generator_c.dir/rosidl_generator_c/dobot_msgs_v3/srv/detail/disable_robot__functions.c.o[0m
[13.642s] [  2%] [32mBuilding C object CMakeFiles/dobot_msgs_v3__rosidl_generator_c.dir/rosidl_generator_c/dobot_msgs_v3/srv/detail/cp__functions.c.o[0m
[13.663s] [  3%] [32mBuilding C object CMakeFiles/dobot_msgs_v3__rosidl_generator_c.dir/rosidl_generator_c/dobot_msgs_v3/srv/detail/do__functions.c.o[0m
[13.740s] [  3%] [32mBuilding C object CMakeFiles/dobot_msgs_v3__rosidl_generator_c.dir/rosidl_generator_c/dobot_msgs_v3/srv/detail/do_execute__functions.c.o[0m
[13.770s] [  3%] [32mBuilding C object CMakeFiles/dobot_msgs_v3__rosidl_generator_c.dir/rosidl_generator_c/dobot_msgs_v3/srv/detail/do_group__functions.c.o[0m
[13.774s] [  3%] [32mBuilding C object CMakeFiles/dobot_msgs_v3__rosidl_generator_c.dir/rosidl_generator_c/dobot_msgs_v3/srv/detail/emergency_stop__functions.c.o[0m
[13.800s] [  3%] [32mBuilding C object CMakeFiles/dobot_msgs_v3__rosidl_generator_c.dir/rosidl_generator_c/dobot_msgs_v3/srv/detail/enable_robot__functions.c.o[0m
[13.822s] [  3%] [32mBuilding C object CMakeFiles/dobot_msgs_v3__rosidl_generator_c.dir/rosidl_generator_c/dobot_msgs_v3/srv/detail/get_angle__functions.c.o[0m
[13.828s] [  3%] [32mBuilding C object CMakeFiles/dobot_msgs_v3__rosidl_generator_c.dir/rosidl_generator_c/dobot_msgs_v3/srv/detail/get_coils__functions.c.o[0m
[13.837s] [  4%] [32mBuilding C object CMakeFiles/dobot_msgs_v3__rosidl_generator_c.dir/rosidl_generator_c/dobot_msgs_v3/srv/detail/get_error_id__functions.c.o[0m
[13.854s] [  4%] [32mBuilding C object CMakeFiles/dobot_msgs_v3__rosidl_generator_c.dir/rosidl_generator_c/dobot_msgs_v3/srv/detail/get_hold_regs__functions.c.o[0m
[13.906s] [  4%] [32mBuilding C object CMakeFiles/dobot_msgs_v3__rosidl_generator_c.dir/rosidl_generator_c/dobot_msgs_v3/srv/detail/get_in_bits__functions.c.o[0m
[13.936s] [  4%] [32mBuilding C object CMakeFiles/dobot_msgs_v3__rosidl_generator_c.dir/rosidl_generator_c/dobot_msgs_v3/srv/detail/get_in_regs__functions.c.o[0m
[13.960s] [  4%] [32mBuilding C object CMakeFiles/dobot_msgs_v3__rosidl_generator_c.dir/rosidl_generator_c/dobot_msgs_v3/srv/detail/get_pose__functions.c.o[0m
[13.981s] [  4%] [32mBuilding C object CMakeFiles/dobot_msgs_v3__rosidl_generator_c.dir/rosidl_generator_c/dobot_msgs_v3/srv/detail/inverse_solution__functions.c.o[0m
[14.006s] [  4%] [32mBuilding C object CMakeFiles/dobot_msgs_v3__rosidl_generator_c.dir/rosidl_generator_c/dobot_msgs_v3/srv/detail/joint_mov_j__functions.c.o[0m
[14.013s] [  5%] [32mBuilding C object CMakeFiles/dobot_msgs_v3__rosidl_generator_c.dir/rosidl_generator_c/dobot_msgs_v3/srv/detail/jump__functions.c.o[0m
[14.040s] [  5%] [32mBuilding C object CMakeFiles/dobot_msgs_v3__rosidl_generator_c.dir/rosidl_generator_c/dobot_msgs_v3/srv/detail/lim_z__functions.c.o[0m
[14.050s] [  5%] [32mBuilding C object CMakeFiles/dobot_msgs_v3__rosidl_generator_c.dir/rosidl_generator_c/dobot_msgs_v3/srv/detail/load_switch__functions.c.o[0m
[14.061s] [  5%] [32mBuilding C object CMakeFiles/dobot_msgs_v3__rosidl_generator_c.dir/rosidl_generator_c/dobot_msgs_v3/srv/detail/modbus_close__functions.c.o[0m
[14.077s] [  5%] [32mBuilding C object CMakeFiles/dobot_msgs_v3__rosidl_generator_c.dir/rosidl_generator_c/dobot_msgs_v3/srv/detail/modbus_create__functions.c.o[0m
[14.087s] [  5%] [32mBuilding C object CMakeFiles/dobot_msgs_v3__rosidl_generator_c.dir/rosidl_generator_c/dobot_msgs_v3/srv/detail/move_jog__functions.c.o[0m
[14.101s] [  5%] [32mBuilding C object CMakeFiles/dobot_msgs_v3__rosidl_generator_c.dir/rosidl_generator_c/dobot_msgs_v3/srv/detail/mov_j__functions.c.o[0m
[14.135s] [  6%] [32mBuilding C object CMakeFiles/dobot_msgs_v3__rosidl_generator_c.dir/rosidl_generator_c/dobot_msgs_v3/srv/detail/mov_j_ext__functions.c.o[0m
[14.166s] [  6%] [32mBuilding C object CMakeFiles/dobot_msgs_v3__rosidl_generator_c.dir/rosidl_generator_c/dobot_msgs_v3/srv/detail/mov_jio__functions.c.o[0m
[14.240s] [  6%] [32mBuilding C object CMakeFiles/dobot_msgs_v3__rosidl_generator_c.dir/rosidl_generator_c/dobot_msgs_v3/srv/detail/mov_lio__functions.c.o[0m
[14.240s] [  6%] [32mBuilding C object CMakeFiles/dobot_msgs_v3__rosidl_generator_c.dir/rosidl_generator_c/dobot_msgs_v3/srv/detail/mov_l__functions.c.o[0m
[14.248s] [  6%] [32mBuilding C object CMakeFiles/dobot_msgs_v3__rosidl_generator_c.dir/rosidl_generator_c/dobot_msgs_v3/srv/detail/pause__functions.c.o[0m
[14.257s] [  6%] [32mBuilding C object CMakeFiles/dobot_msgs_v3__rosidl_generator_c.dir/rosidl_generator_c/dobot_msgs_v3/srv/detail/pause_script__functions.c.o[0m
[14.316s] [  6%] [32mBuilding C object CMakeFiles/dobot_msgs_v3__rosidl_generator_c.dir/rosidl_generator_c/dobot_msgs_v3/srv/detail/power_on__functions.c.o[0m
[14.316s] [  6%] [32mBuilding C object CMakeFiles/dobot_msgs_v3__rosidl_generator_c.dir/rosidl_generator_c/dobot_msgs_v3/srv/detail/pay_load__functions.c.o[0m
[14.329s] [  7%] [32mBuilding C object CMakeFiles/dobot_msgs_v3__rosidl_generator_c.dir/rosidl_generator_c/dobot_msgs_v3/srv/detail/positive_solution__functions.c.o[0m
[14.329s] [  7%] [32mBuilding C object CMakeFiles/dobot_msgs_v3__rosidl_generator_c.dir/rosidl_generator_c/dobot_msgs_v3/srv/detail/rel_joint_mov_j__functions.c.o[0m
[14.350s] [  7%] [32mBuilding C object CMakeFiles/dobot_msgs_v3__rosidl_generator_c.dir/rosidl_generator_c/dobot_msgs_v3/srv/detail/rel_mov_j__functions.c.o[0m
[14.401s] [  7%] [32mBuilding C object CMakeFiles/dobot_msgs_v3__rosidl_generator_c.dir/rosidl_generator_c/dobot_msgs_v3/srv/detail/rel_mov_j_user__functions.c.o[0m
[14.472s] [  7%] [32mBuilding C object CMakeFiles/dobot_msgs_v3__rosidl_generator_c.dir/rosidl_generator_c/dobot_msgs_v3/srv/detail/rel_mov_j_tool__functions.c.o[0m
[14.489s] [  7%] [32mBuilding C object CMakeFiles/dobot_msgs_v3__rosidl_generator_c.dir/rosidl_generator_c/dobot_msgs_v3/srv/detail/rel_mov_l__functions.c.o[0m
[14.512s] [  8%] [32mBuilding C object CMakeFiles/dobot_msgs_v3__rosidl_generator_c.dir/rosidl_generator_c/dobot_msgs_v3/srv/detail/rel_mov_l_user__functions.c.o[0m
[14.527s] [  8%] [32mBuilding C object CMakeFiles/dobot_msgs_v3__rosidl_generator_c.dir/rosidl_generator_c/dobot_msgs_v3/srv/detail/rel_mov_l_tool__functions.c.o[0m
[14.535s] [  8%] [32mBuilding C object CMakeFiles/dobot_msgs_v3__rosidl_generator_c.dir/rosidl_generator_c/dobot_msgs_v3/srv/detail/reset_robot__functions.c.o[0m
[14.563s] [  8%] [32mBuilding C object CMakeFiles/dobot_msgs_v3__rosidl_generator_c.dir/rosidl_generator_c/dobot_msgs_v3/srv/detail/robot_mode__functions.c.o[0m
[14.575s] [  8%] [32mBuilding C object CMakeFiles/dobot_msgs_v3__rosidl_generator_c.dir/rosidl_generator_c/dobot_msgs_v3/srv/detail/run_script__functions.c.o[0m
[14.593s] [  8%] [32mBuilding C object CMakeFiles/dobot_msgs_v3__rosidl_generator_c.dir/rosidl_generator_c/dobot_msgs_v3/srv/detail/servo_j__functions.c.o[0m
[14.643s] [  8%] [32mBuilding C object CMakeFiles/dobot_msgs_v3__rosidl_generator_c.dir/rosidl_generator_c/dobot_msgs_v3/srv/detail/servo_p__functions.c.o[0m
[14.670s] [  9%] [32mBuilding C object CMakeFiles/dobot_msgs_v3__rosidl_generator_c.dir/rosidl_generator_c/dobot_msgs_v3/srv/detail/set_arm_orientation__functions.c.o[0m
[14.673s] [  9%] [32mBuilding C object CMakeFiles/dobot_msgs_v3__rosidl_generator_c.dir/rosidl_generator_c/dobot_msgs_v3/srv/detail/set_coils__functions.c.o[0m
[14.714s] [  9%] [32mBuilding C object CMakeFiles/dobot_msgs_v3__rosidl_generator_c.dir/rosidl_generator_c/dobot_msgs_v3/srv/detail/set_collision_level__functions.c.o[0m
[14.716s] [  9%] [32mBuilding C object CMakeFiles/dobot_msgs_v3__rosidl_generator_c.dir/rosidl_generator_c/dobot_msgs_v3/srv/detail/set_hold_regs__functions.c.o[0m
[14.727s] [  9%] [32mBuilding C object CMakeFiles/dobot_msgs_v3__rosidl_generator_c.dir/rosidl_generator_c/dobot_msgs_v3/srv/detail/set_obstacle_avoid__functions.c.o[0m
[14.730s] [  9%] [32mBuilding C object CMakeFiles/dobot_msgs_v3__rosidl_generator_c.dir/rosidl_generator_c/dobot_msgs_v3/srv/detail/set_payload__functions.c.o[0m
[14.755s] [  9%] [32mBuilding C object CMakeFiles/dobot_msgs_v3__rosidl_generator_c.dir/rosidl_generator_c/dobot_msgs_v3/srv/detail/set_safe_skin__functions.c.o[0m
[14.756s] [ 10%] [32mBuilding C object CMakeFiles/dobot_msgs_v3__rosidl_generator_c.dir/rosidl_generator_c/dobot_msgs_v3/srv/detail/speed_factor__functions.c.o[0m
[14.856s] [ 10%] [32mBuilding C object CMakeFiles/dobot_msgs_v3__rosidl_generator_c.dir/rosidl_generator_c/dobot_msgs_v3/srv/detail/speed_l__functions.c.o[0m
[14.859s] [ 10%] [32mBuilding C object CMakeFiles/dobot_msgs_v3__rosidl_generator_c.dir/rosidl_generator_c/dobot_msgs_v3/srv/detail/start_drag__functions.c.o[0m
[14.860s] [ 10%] [32mBuilding C object CMakeFiles/dobot_msgs_v3__rosidl_generator_c.dir/rosidl_generator_c/dobot_msgs_v3/srv/detail/speed_j__functions.c.o[0m
[14.920s] [ 10%] [32mBuilding C object CMakeFiles/dobot_msgs_v3__rosidl_generator_c.dir/rosidl_generator_c/dobot_msgs_v3/srv/detail/start_fc_trace__functions.c.o[0m
[14.944s] [ 10%] [32mBuilding C object CMakeFiles/dobot_msgs_v3__rosidl_generator_c.dir/rosidl_generator_c/dobot_msgs_v3/srv/detail/start_path__functions.c.o[0m
[14.976s] [ 10%] [32mBuilding C object CMakeFiles/dobot_msgs_v3__rosidl_generator_c.dir/rosidl_generator_c/dobot_msgs_v3/srv/detail/start_trace__functions.c.o[0m
[14.993s] [ 10%] [32mBuilding C object CMakeFiles/dobot_msgs_v3__rosidl_generator_c.dir/rosidl_generator_c/dobot_msgs_v3/srv/detail/stopmove_jog__functions.c.o[0m
[14.997s] [ 10%] [32mBuilding C object CMakeFiles/dobot_msgs_v3__rosidl_generator_c.dir/rosidl_generator_c/dobot_msgs_v3/srv/detail/sync__functions.c.o[0m
[15.009s] [ 11%] [32mBuilding C object CMakeFiles/dobot_msgs_v3__rosidl_generator_c.dir/rosidl_generator_c/dobot_msgs_v3/srv/detail/stop_drag__functions.c.o[0m
[15.022s] [ 11%] [32mBuilding C object CMakeFiles/dobot_msgs_v3__rosidl_generator_c.dir/rosidl_generator_c/dobot_msgs_v3/srv/detail/stop_script__functions.c.o[0m
[15.081s] [ 11%] [32mBuilding C object CMakeFiles/dobot_msgs_v3__rosidl_generator_c.dir/rosidl_generator_c/dobot_msgs_v3/srv/detail/sync_all__functions.c.o[0m
[15.088s] [ 11%] [32mBuilding C object CMakeFiles/dobot_msgs_v3__rosidl_generator_c.dir/rosidl_generator_c/dobot_msgs_v3/srv/detail/tool__functions.c.o[0m
[15.097s] [ 11%] [32mBuilding C object CMakeFiles/dobot_msgs_v3__rosidl_generator_c.dir/rosidl_generator_c/dobot_msgs_v3/srv/detail/tool_di__functions.c.o[0m
[15.135s] [ 12%] [32mBuilding C object CMakeFiles/dobot_msgs_v3__rosidl_generator_c.dir/rosidl_generator_c/dobot_msgs_v3/srv/detail/tool_do__functions.c.o[0m
[15.149s] [ 12%] [32mBuilding C object CMakeFiles/dobot_msgs_v3__rosidl_generator_c.dir/rosidl_generator_c/dobot_msgs_v3/srv/detail/tool_do_execute__functions.c.o[0m
[15.222s] [ 12%] [32mBuilding C object CMakeFiles/dobot_msgs_v3__rosidl_generator_c.dir/rosidl_generator_c/dobot_msgs_v3/srv/detail/wait__functions.c.o[0m
[15.237s] [ 12%] [32mBuilding C object CMakeFiles/dobot_msgs_v3__rosidl_generator_c.dir/rosidl_generator_c/dobot_msgs_v3/srv/detail/user__functions.c.o[0m
[15.460s] [ 12%] [32m[1mLinking C shared library libdobot_msgs_v3__rosidl_generator_c.so[0m
[15.638s] [ 12%] Built target dobot_msgs_v3__rosidl_generator_c
[15.692s] [ 13%] [34m[1mGenerating C type support for eProsima Fast-RTPS[0m
[15.695s] [ 14%] [34m[1mGenerating C introspection for ROS interfaces[0m
[15.704s] [ 15%] [34m[1mGenerating C type support dispatch for ROS interfaces[0m
[16.537s] [ 15%] Built target dobot_msgs_v3__cpp
[16.583s] [ 15%] [34m[1mGenerating C++ type support for eProsima Fast-RTPS[0m
[16.603s] [ 15%] [34m[1mGenerating C++ type support dispatch for ROS interfaces[0m
[16.603s] [ 15%] [34m[1mGenerating C++ introspection for ROS interfaces[0m
[21.919s] [35m[1mConsolidate compiler generated dependencies of target dobot_msgs_v3__rosidl_typesupport_c[0m
[21.980s] [ 15%] [32mBuilding CXX object CMakeFiles/dobot_msgs_v3__rosidl_typesupport_c.dir/rosidl_typesupport_c/dobot_msgs_v3/msg/tool_vector_actual__type_support.cpp.o[0m
[21.988s] [ 15%] [32mBuilding CXX object CMakeFiles/dobot_msgs_v3__rosidl_typesupport_c.dir/rosidl_typesupport_c/dobot_msgs_v3/msg/robot_status__type_support.cpp.o[0m
[21.992s] [ 15%] [32mBuilding CXX object CMakeFiles/dobot_msgs_v3__rosidl_typesupport_c.dir/rosidl_typesupport_c/dobot_msgs_v3/srv/acc_j__type_support.cpp.o[0m
[22.008s] [ 15%] [32mBuilding CXX object CMakeFiles/dobot_msgs_v3__rosidl_typesupport_c.dir/rosidl_typesupport_c/dobot_msgs_v3/srv/ao__type_support.cpp.o[0m
[22.008s] [ 15%] [32mBuilding CXX object CMakeFiles/dobot_msgs_v3__rosidl_typesupport_c.dir/rosidl_typesupport_c/dobot_msgs_v3/srv/acc_l__type_support.cpp.o[0m
[22.015s] [ 16%] [32mBuilding CXX object CMakeFiles/dobot_msgs_v3__rosidl_typesupport_c.dir/rosidl_typesupport_c/dobot_msgs_v3/srv/arc__type_support.cpp.o[0m
[22.019s] [ 16%] [32mBuilding CXX object CMakeFiles/dobot_msgs_v3__rosidl_typesupport_c.dir/rosidl_typesupport_c/dobot_msgs_v3/srv/ao_execute__type_support.cpp.o[0m
[22.132s] [ 16%] [32mBuilding CXX object CMakeFiles/dobot_msgs_v3__rosidl_typesupport_c.dir/rosidl_typesupport_c/dobot_msgs_v3/srv/arch__type_support.cpp.o[0m
[22.133s] [ 16%] [32mBuilding CXX object CMakeFiles/dobot_msgs_v3__rosidl_typesupport_c.dir/rosidl_typesupport_c/dobot_msgs_v3/srv/brake_control__type_support.cpp.o[0m
[22.135s] [ 16%] [32mBuilding CXX object CMakeFiles/dobot_msgs_v3__rosidl_typesupport_c.dir/rosidl_typesupport_c/dobot_msgs_v3/srv/clear_error__type_support.cpp.o[0m
[22.144s] [ 16%] [32mBuilding CXX object CMakeFiles/dobot_msgs_v3__rosidl_typesupport_c.dir/rosidl_typesupport_c/dobot_msgs_v3/srv/continues__type_support.cpp.o[0m
[22.144s] [ 16%] [32mBuilding CXX object CMakeFiles/dobot_msgs_v3__rosidl_typesupport_c.dir/rosidl_typesupport_c/dobot_msgs_v3/srv/circle__type_support.cpp.o[0m
[22.167s] [ 16%] [32mBuilding CXX object CMakeFiles/dobot_msgs_v3__rosidl_typesupport_c.dir/rosidl_typesupport_c/dobot_msgs_v3/srv/continue_script__type_support.cpp.o[0m
[22.176s] [ 17%] [32mBuilding CXX object CMakeFiles/dobot_msgs_v3__rosidl_typesupport_c.dir/rosidl_typesupport_c/dobot_msgs_v3/srv/cp__type_support.cpp.o[0m
[22.219s] [ 17%] [32mBuilding CXX object CMakeFiles/dobot_msgs_v3__rosidl_typesupport_c.dir/rosidl_typesupport_c/dobot_msgs_v3/srv/di__type_support.cpp.o[0m
[22.242s] [ 17%] [32mBuilding CXX object CMakeFiles/dobot_msgs_v3__rosidl_typesupport_c.dir/rosidl_typesupport_c/dobot_msgs_v3/srv/digital_outputs__type_support.cpp.o[0m
[22.289s] [ 18%] [32mBuilding CXX object CMakeFiles/dobot_msgs_v3__rosidl_typesupport_c.dir/rosidl_typesupport_c/dobot_msgs_v3/srv/do__type_support.cpp.o[0m
[22.291s] [ 18%] [32mBuilding CXX object CMakeFiles/dobot_msgs_v3__rosidl_typesupport_c.dir/rosidl_typesupport_c/dobot_msgs_v3/srv/emergency_stop__type_support.cpp.o[0m
[22.302s] [ 18%] [32mBuilding CXX object CMakeFiles/dobot_msgs_v3__rosidl_typesupport_c.dir/rosidl_typesupport_c/dobot_msgs_v3/srv/do_group__type_support.cpp.o[0m
[22.305s] [ 18%] [32mBuilding CXX object CMakeFiles/dobot_msgs_v3__rosidl_typesupport_c.dir/rosidl_typesupport_c/dobot_msgs_v3/srv/do_execute__type_support.cpp.o[0m
[22.310s] [ 18%] [32mBuilding CXX object CMakeFiles/dobot_msgs_v3__rosidl_typesupport_c.dir/rosidl_typesupport_c/dobot_msgs_v3/srv/disable_robot__type_support.cpp.o[0m
[22.311s] [ 18%] [32mBuilding CXX object CMakeFiles/dobot_msgs_v3__rosidl_typesupport_c.dir/rosidl_typesupport_c/dobot_msgs_v3/srv/enable_robot__type_support.cpp.o[0m
[22.354s] [ 18%] [32mBuilding CXX object CMakeFiles/dobot_msgs_v3__rosidl_typesupport_c.dir/rosidl_typesupport_c/dobot_msgs_v3/srv/get_angle__type_support.cpp.o[0m
[22.390s] [ 18%] [32mBuilding CXX object CMakeFiles/dobot_msgs_v3__rosidl_typesupport_c.dir/rosidl_typesupport_c/dobot_msgs_v3/srv/get_error_id__type_support.cpp.o[0m
[22.396s] [ 18%] [32mBuilding CXX object CMakeFiles/dobot_msgs_v3__rosidl_typesupport_c.dir/rosidl_typesupport_c/dobot_msgs_v3/srv/get_coils__type_support.cpp.o[0m
[22.402s] [ 18%] [32mBuilding CXX object CMakeFiles/dobot_msgs_v3__rosidl_typesupport_c.dir/rosidl_typesupport_c/dobot_msgs_v3/srv/get_in_bits__type_support.cpp.o[0m
[22.410s] [ 18%] [32mBuilding CXX object CMakeFiles/dobot_msgs_v3__rosidl_typesupport_c.dir/rosidl_typesupport_c/dobot_msgs_v3/srv/get_hold_regs__type_support.cpp.o[0m
[22.429s] [ 19%] [32mBuilding CXX object CMakeFiles/dobot_msgs_v3__rosidl_typesupport_c.dir/rosidl_typesupport_c/dobot_msgs_v3/srv/get_in_regs__type_support.cpp.o[0m
[22.440s] [ 19%] [32mBuilding CXX object CMakeFiles/dobot_msgs_v3__rosidl_typesupport_c.dir/rosidl_typesupport_c/dobot_msgs_v3/srv/get_pose__type_support.cpp.o[0m
[22.524s] [ 19%] [32mBuilding CXX object CMakeFiles/dobot_msgs_v3__rosidl_typesupport_c.dir/rosidl_typesupport_c/dobot_msgs_v3/srv/joint_mov_j__type_support.cpp.o[0m
[22.535s] [ 19%] [32mBuilding CXX object CMakeFiles/dobot_msgs_v3__rosidl_typesupport_c.dir/rosidl_typesupport_c/dobot_msgs_v3/srv/inverse_solution__type_support.cpp.o[0m
[22.559s] [ 19%] [32mBuilding CXX object CMakeFiles/dobot_msgs_v3__rosidl_typesupport_c.dir/rosidl_typesupport_c/dobot_msgs_v3/srv/lim_z__type_support.cpp.o[0m
[22.560s] [ 19%] [32mBuilding CXX object CMakeFiles/dobot_msgs_v3__rosidl_typesupport_c.dir/rosidl_typesupport_c/dobot_msgs_v3/srv/load_switch__type_support.cpp.o[0m
[22.568s] [ 19%] [32mBuilding CXX object CMakeFiles/dobot_msgs_v3__rosidl_typesupport_c.dir/rosidl_typesupport_c/dobot_msgs_v3/srv/jump__type_support.cpp.o[0m
[22.591s] [ 20%] [32mBuilding CXX object CMakeFiles/dobot_msgs_v3__rosidl_typesupport_c.dir/rosidl_typesupport_c/dobot_msgs_v3/srv/modbus_close__type_support.cpp.o[0m
[22.634s] [ 20%] [32mBuilding CXX object CMakeFiles/dobot_msgs_v3__rosidl_typesupport_c.dir/rosidl_typesupport_c/dobot_msgs_v3/srv/modbus_create__type_support.cpp.o[0m
[22.689s] [ 20%] [32mBuilding CXX object CMakeFiles/dobot_msgs_v3__rosidl_typesupport_c.dir/rosidl_typesupport_c/dobot_msgs_v3/srv/move_jog__type_support.cpp.o[0m
[22.699s] [ 20%] [32mBuilding CXX object CMakeFiles/dobot_msgs_v3__rosidl_typesupport_c.dir/rosidl_typesupport_c/dobot_msgs_v3/srv/mov_jio__type_support.cpp.o[0m
[22.700s] [ 20%] [32mBuilding CXX object CMakeFiles/dobot_msgs_v3__rosidl_typesupport_c.dir/rosidl_typesupport_c/dobot_msgs_v3/srv/mov_j_ext__type_support.cpp.o[0m
[22.707s] [ 20%] [32mBuilding CXX object CMakeFiles/dobot_msgs_v3__rosidl_typesupport_c.dir/rosidl_typesupport_c/dobot_msgs_v3/srv/mov_l__type_support.cpp.o[0m
[22.708s] [ 20%] [32mBuilding CXX object CMakeFiles/dobot_msgs_v3__rosidl_typesupport_c.dir/rosidl_typesupport_c/dobot_msgs_v3/srv/mov_j__type_support.cpp.o[0m
[22.715s] [ 21%] [32mBuilding CXX object CMakeFiles/dobot_msgs_v3__rosidl_typesupport_c.dir/rosidl_typesupport_c/dobot_msgs_v3/srv/mov_lio__type_support.cpp.o[0m
[22.760s] [ 21%] [32mBuilding CXX object CMakeFiles/dobot_msgs_v3__rosidl_typesupport_c.dir/rosidl_typesupport_c/dobot_msgs_v3/srv/pause__type_support.cpp.o[0m
[22.794s] [ 21%] [32mBuilding CXX object CMakeFiles/dobot_msgs_v3__rosidl_typesupport_c.dir/rosidl_typesupport_c/dobot_msgs_v3/srv/pause_script__type_support.cpp.o[0m
[22.809s] [ 21%] [32mBuilding CXX object CMakeFiles/dobot_msgs_v3__rosidl_typesupport_c.dir/rosidl_typesupport_c/dobot_msgs_v3/srv/pay_load__type_support.cpp.o[0m
[22.809s] [ 21%] [32mBuilding CXX object CMakeFiles/dobot_msgs_v3__rosidl_typesupport_c.dir/rosidl_typesupport_c/dobot_msgs_v3/srv/positive_solution__type_support.cpp.o[0m
[22.810s] [ 21%] [32mBuilding CXX object CMakeFiles/dobot_msgs_v3__rosidl_typesupport_c.dir/rosidl_typesupport_c/dobot_msgs_v3/srv/rel_joint_mov_j__type_support.cpp.o[0m
[22.815s] [ 21%] [32mBuilding CXX object CMakeFiles/dobot_msgs_v3__rosidl_typesupport_c.dir/rosidl_typesupport_c/dobot_msgs_v3/srv/power_on__type_support.cpp.o[0m
[22.817s] [ 22%] [32mBuilding CXX object CMakeFiles/dobot_msgs_v3__rosidl_typesupport_c.dir/rosidl_typesupport_c/dobot_msgs_v3/srv/rel_mov_j__type_support.cpp.o[0m
[22.836s] [ 22%] [32mBuilding CXX object CMakeFiles/dobot_msgs_v3__rosidl_typesupport_c.dir/rosidl_typesupport_c/dobot_msgs_v3/srv/rel_mov_j_user__type_support.cpp.o[0m
[22.880s] [ 22%] [32mBuilding CXX object CMakeFiles/dobot_msgs_v3__rosidl_typesupport_c.dir/rosidl_typesupport_c/dobot_msgs_v3/srv/rel_mov_l__type_support.cpp.o[0m
[22.881s] [ 22%] [32mBuilding CXX object CMakeFiles/dobot_msgs_v3__rosidl_typesupport_c.dir/rosidl_typesupport_c/dobot_msgs_v3/srv/rel_mov_j_tool__type_support.cpp.o[0m
[22.889s] [ 22%] [32mBuilding CXX object CMakeFiles/dobot_msgs_v3__rosidl_typesupport_c.dir/rosidl_typesupport_c/dobot_msgs_v3/srv/rel_mov_l_user__type_support.cpp.o[0m
[22.931s] [ 22%] [32mBuilding CXX object CMakeFiles/dobot_msgs_v3__rosidl_typesupport_c.dir/rosidl_typesupport_c/dobot_msgs_v3/srv/rel_mov_l_tool__type_support.cpp.o[0m
[22.932s] [ 23%] [32mBuilding CXX object CMakeFiles/dobot_msgs_v3__rosidl_typesupport_c.dir/rosidl_typesupport_c/dobot_msgs_v3/srv/robot_mode__type_support.cpp.o[0m
[22.933s] [ 23%] [32mBuilding CXX object CMakeFiles/dobot_msgs_v3__rosidl_typesupport_c.dir/rosidl_typesupport_c/dobot_msgs_v3/srv/reset_robot__type_support.cpp.o[0m
[22.948s] [ 23%] [32mBuilding CXX object CMakeFiles/dobot_msgs_v3__rosidl_typesupport_c.dir/rosidl_typesupport_c/dobot_msgs_v3/srv/run_script__type_support.cpp.o[0m
[22.964s] [ 23%] [32mBuilding CXX object CMakeFiles/dobot_msgs_v3__rosidl_typesupport_c.dir/rosidl_typesupport_c/dobot_msgs_v3/srv/servo_j__type_support.cpp.o[0m
[22.973s] [ 23%] [32mBuilding CXX object CMakeFiles/dobot_msgs_v3__rosidl_typesupport_c.dir/rosidl_typesupport_c/dobot_msgs_v3/srv/servo_p__type_support.cpp.o[0m
[22.989s] [ 23%] [32mBuilding CXX object CMakeFiles/dobot_msgs_v3__rosidl_typesupport_c.dir/rosidl_typesupport_c/dobot_msgs_v3/srv/set_arm_orientation__type_support.cpp.o[0m
[23.004s] [ 23%] [32mBuilding CXX object CMakeFiles/dobot_msgs_v3__rosidl_typesupport_c.dir/rosidl_typesupport_c/dobot_msgs_v3/srv/set_coils__type_support.cpp.o[0m
[23.053s] [ 24%] [32mBuilding CXX object CMakeFiles/dobot_msgs_v3__rosidl_typesupport_c.dir/rosidl_typesupport_c/dobot_msgs_v3/srv/set_hold_regs__type_support.cpp.o[0m
[23.076s] [ 24%] [32mBuilding CXX object CMakeFiles/dobot_msgs_v3__rosidl_typesupport_c.dir/rosidl_typesupport_c/dobot_msgs_v3/srv/set_obstacle_avoid__type_support.cpp.o[0m
[23.077s] [ 24%] [32mBuilding CXX object CMakeFiles/dobot_msgs_v3__rosidl_typesupport_c.dir/rosidl_typesupport_c/dobot_msgs_v3/srv/set_collision_level__type_support.cpp.o[0m
[23.079s] [ 24%] [32mBuilding CXX object CMakeFiles/dobot_msgs_v3__rosidl_typesupport_c.dir/rosidl_typesupport_c/dobot_msgs_v3/srv/set_payload__type_support.cpp.o[0m
[23.107s] [ 24%] [32mBuilding CXX object CMakeFiles/dobot_msgs_v3__rosidl_typesupport_c.dir/rosidl_typesupport_c/dobot_msgs_v3/srv/set_safe_skin__type_support.cpp.o[0m
[23.112s] [ 24%] [32mBuilding CXX object CMakeFiles/dobot_msgs_v3__rosidl_typesupport_c.dir/rosidl_typesupport_c/dobot_msgs_v3/srv/speed_factor__type_support.cpp.o[0m
[23.120s] [ 24%] [32mBuilding CXX object CMakeFiles/dobot_msgs_v3__rosidl_typesupport_c.dir/rosidl_typesupport_c/dobot_msgs_v3/srv/speed_j__type_support.cpp.o[0m
[23.188s] [ 24%] [32mBuilding CXX object CMakeFiles/dobot_msgs_v3__rosidl_typesupport_c.dir/rosidl_typesupport_c/dobot_msgs_v3/srv/speed_l__type_support.cpp.o[0m
[23.199s] [ 25%] [32mBuilding CXX object CMakeFiles/dobot_msgs_v3__rosidl_typesupport_c.dir/rosidl_typesupport_c/dobot_msgs_v3/srv/start_fc_trace__type_support.cpp.o[0m
[23.202s] [ 25%] [32mBuilding CXX object CMakeFiles/dobot_msgs_v3__rosidl_typesupport_c.dir/rosidl_typesupport_c/dobot_msgs_v3/srv/start_drag__type_support.cpp.o[0m
[23.211s] [ 25%] [32mBuilding CXX object CMakeFiles/dobot_msgs_v3__rosidl_typesupport_c.dir/rosidl_typesupport_c/dobot_msgs_v3/srv/start_path__type_support.cpp.o[0m
[23.248s] [ 25%] [32mBuilding CXX object CMakeFiles/dobot_msgs_v3__rosidl_typesupport_c.dir/rosidl_typesupport_c/dobot_msgs_v3/srv/start_trace__type_support.cpp.o[0m
[23.268s] [ 25%] [32mBuilding CXX object CMakeFiles/dobot_msgs_v3__rosidl_typesupport_c.dir/rosidl_typesupport_c/dobot_msgs_v3/srv/stop_drag__type_support.cpp.o[0m
[23.285s] [ 25%] [32mBuilding CXX object CMakeFiles/dobot_msgs_v3__rosidl_typesupport_c.dir/rosidl_typesupport_c/dobot_msgs_v3/srv/stopmove_jog__type_support.cpp.o[0m
[23.288s] [ 26%] [32mBuilding CXX object CMakeFiles/dobot_msgs_v3__rosidl_typesupport_c.dir/rosidl_typesupport_c/dobot_msgs_v3/srv/sync__type_support.cpp.o[0m
[23.304s] [ 26%] [32mBuilding CXX object CMakeFiles/dobot_msgs_v3__rosidl_typesupport_c.dir/rosidl_typesupport_c/dobot_msgs_v3/srv/stop_script__type_support.cpp.o[0m
[23.345s] [ 26%] [32mBuilding CXX object CMakeFiles/dobot_msgs_v3__rosidl_typesupport_c.dir/rosidl_typesupport_c/dobot_msgs_v3/srv/sync_all__type_support.cpp.o[0m
[23.359s] [ 26%] [32mBuilding CXX object CMakeFiles/dobot_msgs_v3__rosidl_typesupport_c.dir/rosidl_typesupport_c/dobot_msgs_v3/srv/tool_di__type_support.cpp.o[0m
[23.360s] [ 26%] [32mBuilding CXX object CMakeFiles/dobot_msgs_v3__rosidl_typesupport_c.dir/rosidl_typesupport_c/dobot_msgs_v3/srv/tool__type_support.cpp.o[0m
[23.389s] [ 26%] [32mBuilding CXX object CMakeFiles/dobot_msgs_v3__rosidl_typesupport_c.dir/rosidl_typesupport_c/dobot_msgs_v3/srv/tool_do__type_support.cpp.o[0m
[23.393s] [ 26%] [32mBuilding CXX object CMakeFiles/dobot_msgs_v3__rosidl_typesupport_c.dir/rosidl_typesupport_c/dobot_msgs_v3/srv/tool_do_execute__type_support.cpp.o[0m
[23.400s] [ 26%] [32mBuilding CXX object CMakeFiles/dobot_msgs_v3__rosidl_typesupport_c.dir/rosidl_typesupport_c/dobot_msgs_v3/srv/user__type_support.cpp.o[0m
[23.423s] [ 27%] [32mBuilding CXX object CMakeFiles/dobot_msgs_v3__rosidl_typesupport_c.dir/rosidl_typesupport_c/dobot_msgs_v3/srv/wait__type_support.cpp.o[0m
[23.522s] [ 27%] [32m[1mLinking CXX shared library libdobot_msgs_v3__rosidl_typesupport_c.so[0m
[23.761s] [ 27%] Built target dobot_msgs_v3__rosidl_typesupport_c
[25.825s] [35m[1mConsolidate compiler generated dependencies of target dobot_msgs_v3__rosidl_typesupport_introspection_cpp[0m
[25.990s] [ 28%] [32mBuilding CXX object CMakeFiles/dobot_msgs_v3__rosidl_typesupport_introspection_cpp.dir/rosidl_typesupport_introspection_cpp/dobot_msgs_v3/msg/detail/tool_vector_actual__type_support.cpp.o[0m
[26.000s] [ 28%] [32mBuilding CXX object CMakeFiles/dobot_msgs_v3__rosidl_typesupport_introspection_cpp.dir/rosidl_typesupport_introspection_cpp/dobot_msgs_v3/msg/detail/robot_status__type_support.cpp.o[0m
[26.020s] [ 28%] [32mBuilding CXX object CMakeFiles/dobot_msgs_v3__rosidl_typesupport_introspection_cpp.dir/rosidl_typesupport_introspection_cpp/dobot_msgs_v3/srv/detail/acc_j__type_support.cpp.o[0m
[26.048s] [ 28%] [32mBuilding CXX object CMakeFiles/dobot_msgs_v3__rosidl_typesupport_introspection_cpp.dir/rosidl_typesupport_introspection_cpp/dobot_msgs_v3/srv/detail/acc_l__type_support.cpp.o[0m
[26.066s] [ 28%] [32mBuilding CXX object CMakeFiles/dobot_msgs_v3__rosidl_typesupport_introspection_cpp.dir/rosidl_typesupport_introspection_cpp/dobot_msgs_v3/srv/detail/ao__type_support.cpp.o[0m
[26.099s] [ 28%] [32mBuilding CXX object CMakeFiles/dobot_msgs_v3__rosidl_typesupport_introspection_cpp.dir/rosidl_typesupport_introspection_cpp/dobot_msgs_v3/srv/detail/ao_execute__type_support.cpp.o[0m
[26.104s] [ 28%] [32mBuilding CXX object CMakeFiles/dobot_msgs_v3__rosidl_typesupport_introspection_cpp.dir/rosidl_typesupport_introspection_cpp/dobot_msgs_v3/srv/detail/arc__type_support.cpp.o[0m
[26.173s] [ 28%] [32mBuilding CXX object CMakeFiles/dobot_msgs_v3__rosidl_typesupport_introspection_cpp.dir/rosidl_typesupport_introspection_cpp/dobot_msgs_v3/srv/detail/arch__type_support.cpp.o[0m
[26.176s] [35m[1mConsolidate compiler generated dependencies of target dobot_msgs_v3__rosidl_typesupport_cpp[0m
[26.407s] [ 28%] [32mBuilding CXX object CMakeFiles/dobot_msgs_v3__rosidl_typesupport_cpp.dir/rosidl_typesupport_cpp/dobot_msgs_v3/msg/robot_status__type_support.cpp.o[0m
[27.048s] [ 28%] [32mBuilding CXX object CMakeFiles/dobot_msgs_v3__rosidl_typesupport_cpp.dir/rosidl_typesupport_cpp/dobot_msgs_v3/msg/tool_vector_actual__type_support.cpp.o[0m
[27.071s] [ 29%] [32mBuilding CXX object CMakeFiles/dobot_msgs_v3__rosidl_typesupport_cpp.dir/rosidl_typesupport_cpp/dobot_msgs_v3/srv/acc_j__type_support.cpp.o[0m
[27.112s] [ 29%] [32mBuilding CXX object CMakeFiles/dobot_msgs_v3__rosidl_typesupport_cpp.dir/rosidl_typesupport_cpp/dobot_msgs_v3/srv/acc_l__type_support.cpp.o[0m
[27.112s] [ 29%] [32mBuilding CXX object CMakeFiles/dobot_msgs_v3__rosidl_typesupport_cpp.dir/rosidl_typesupport_cpp/dobot_msgs_v3/srv/ao__type_support.cpp.o[0m
[27.144s] [ 30%] [32mBuilding CXX object CMakeFiles/dobot_msgs_v3__rosidl_typesupport_introspection_cpp.dir/rosidl_typesupport_introspection_cpp/dobot_msgs_v3/srv/detail/brake_control__type_support.cpp.o[0m
[27.424s] [ 30%] [32mBuilding CXX object CMakeFiles/dobot_msgs_v3__rosidl_typesupport_cpp.dir/rosidl_typesupport_cpp/dobot_msgs_v3/srv/ao_execute__type_support.cpp.o[0m
[27.442s] [ 30%] [32mBuilding CXX object CMakeFiles/dobot_msgs_v3__rosidl_typesupport_cpp.dir/rosidl_typesupport_cpp/dobot_msgs_v3/srv/arc__type_support.cpp.o[0m
[27.521s] [ 30%] [32mBuilding CXX object CMakeFiles/dobot_msgs_v3__rosidl_typesupport_cpp.dir/rosidl_typesupport_cpp/dobot_msgs_v3/srv/arch__type_support.cpp.o[0m
[27.587s] [ 30%] [32mBuilding CXX object CMakeFiles/dobot_msgs_v3__rosidl_typesupport_cpp.dir/rosidl_typesupport_cpp/dobot_msgs_v3/srv/brake_control__type_support.cpp.o[0m
[27.649s] [ 31%] [32mBuilding CXX object CMakeFiles/dobot_msgs_v3__rosidl_typesupport_cpp.dir/rosidl_typesupport_cpp/dobot_msgs_v3/srv/circle__type_support.cpp.o[0m
[27.829s] [ 31%] [32mBuilding CXX object CMakeFiles/dobot_msgs_v3__rosidl_typesupport_cpp.dir/rosidl_typesupport_cpp/dobot_msgs_v3/srv/clear_error__type_support.cpp.o[0m
[27.842s] [ 31%] [32mBuilding CXX object CMakeFiles/dobot_msgs_v3__rosidl_typesupport_introspection_cpp.dir/rosidl_typesupport_introspection_cpp/dobot_msgs_v3/srv/detail/circle__type_support.cpp.o[0m
[28.021s] [ 31%] [32mBuilding CXX object CMakeFiles/dobot_msgs_v3__rosidl_typesupport_introspection_cpp.dir/rosidl_typesupport_introspection_cpp/dobot_msgs_v3/srv/detail/clear_error__type_support.cpp.o[0m
[28.174s] [ 31%] [32mBuilding CXX object CMakeFiles/dobot_msgs_v3__rosidl_typesupport_introspection_cpp.dir/rosidl_typesupport_introspection_cpp/dobot_msgs_v3/srv/detail/continues__type_support.cpp.o[0m
[28.176s] [ 31%] [32mBuilding CXX object CMakeFiles/dobot_msgs_v3__rosidl_typesupport_cpp.dir/rosidl_typesupport_cpp/dobot_msgs_v3/srv/continues__type_support.cpp.o[0m
[28.210s] [ 31%] [32mBuilding CXX object CMakeFiles/dobot_msgs_v3__rosidl_typesupport_cpp.dir/rosidl_typesupport_cpp/dobot_msgs_v3/srv/continue_script__type_support.cpp.o[0m
[28.246s] [ 31%] [32mBuilding CXX object CMakeFiles/dobot_msgs_v3__rosidl_typesupport_cpp.dir/rosidl_typesupport_cpp/dobot_msgs_v3/srv/cp__type_support.cpp.o[0m
[28.549s] [ 31%] [32mBuilding CXX object CMakeFiles/dobot_msgs_v3__rosidl_typesupport_cpp.dir/rosidl_typesupport_cpp/dobot_msgs_v3/srv/di__type_support.cpp.o[0m
[28.637s] [ 32%] [32mBuilding CXX object CMakeFiles/dobot_msgs_v3__rosidl_typesupport_cpp.dir/rosidl_typesupport_cpp/dobot_msgs_v3/srv/digital_outputs__type_support.cpp.o[0m
[28.709s] [ 32%] [32mBuilding CXX object CMakeFiles/dobot_msgs_v3__rosidl_typesupport_introspection_cpp.dir/rosidl_typesupport_introspection_cpp/dobot_msgs_v3/srv/detail/continue_script__type_support.cpp.o[0m
[28.863s] [ 32%] [32mBuilding CXX object CMakeFiles/dobot_msgs_v3__rosidl_typesupport_introspection_cpp.dir/rosidl_typesupport_introspection_cpp/dobot_msgs_v3/srv/detail/cp__type_support.cpp.o[0m
[28.904s] [ 32%] [32mBuilding CXX object CMakeFiles/dobot_msgs_v3__rosidl_typesupport_introspection_cpp.dir/rosidl_typesupport_introspection_cpp/dobot_msgs_v3/srv/detail/di__type_support.cpp.o[0m
[29.178s] [ 33%] [32mBuilding CXX object CMakeFiles/dobot_msgs_v3__rosidl_typesupport_introspection_cpp.dir/rosidl_typesupport_introspection_cpp/dobot_msgs_v3/srv/detail/digital_outputs__type_support.cpp.o[0m
[29.214s] [ 33%] [32mBuilding CXX object CMakeFiles/dobot_msgs_v3__rosidl_typesupport_cpp.dir/rosidl_typesupport_cpp/dobot_msgs_v3/srv/disable_robot__type_support.cpp.o[0m
[29.270s] [35m[1mConsolidate compiler generated dependencies of target dobot_msgs_v3__rosidl_typesupport_introspection_c[0m
[29.388s] [ 33%] [32mBuilding CXX object CMakeFiles/dobot_msgs_v3__rosidl_typesupport_cpp.dir/rosidl_typesupport_cpp/dobot_msgs_v3/srv/do__type_support.cpp.o[0m
[29.421s] [ 33%] [32mBuilding CXX object CMakeFiles/dobot_msgs_v3__rosidl_typesupport_introspection_cpp.dir/rosidl_typesupport_introspection_cpp/dobot_msgs_v3/srv/detail/disable_robot__type_support.cpp.o[0m
[29.469s] [ 33%] [32mBuilding C object CMakeFiles/dobot_msgs_v3__rosidl_typesupport_introspection_c.dir/rosidl_typesupport_introspection_c/dobot_msgs_v3/msg/detail/robot_status__type_support.c.o[0m
[29.615s] [ 33%] [32mBuilding C object CMakeFiles/dobot_msgs_v3__rosidl_typesupport_introspection_c.dir/rosidl_typesupport_introspection_c/dobot_msgs_v3/msg/detail/tool_vector_actual__type_support.c.o[0m
[29.657s] [ 33%] [32mBuilding CXX object CMakeFiles/dobot_msgs_v3__rosidl_typesupport_introspection_cpp.dir/rosidl_typesupport_introspection_cpp/dobot_msgs_v3/srv/detail/do__type_support.cpp.o[0m
[29.676s] [ 33%] [32mBuilding C object CMakeFiles/dobot_msgs_v3__rosidl_typesupport_introspection_c.dir/rosidl_typesupport_introspection_c/dobot_msgs_v3/srv/detail/acc_j__type_support.c.o[0m
[29.723s] [ 33%] [32mBuilding C object CMakeFiles/dobot_msgs_v3__rosidl_typesupport_introspection_c.dir/rosidl_typesupport_introspection_c/dobot_msgs_v3/srv/detail/acc_l__type_support.c.o[0m
[29.727s] [ 33%] [32mBuilding C object CMakeFiles/dobot_msgs_v3__rosidl_typesupport_introspection_c.dir/rosidl_typesupport_introspection_c/dobot_msgs_v3/srv/detail/ao__type_support.c.o[0m
[29.817s] [ 33%] [32mBuilding CXX object CMakeFiles/dobot_msgs_v3__rosidl_typesupport_cpp.dir/rosidl_typesupport_cpp/dobot_msgs_v3/srv/do_execute__type_support.cpp.o[0m
[29.824s] [ 33%] [32mBuilding CXX object CMakeFiles/dobot_msgs_v3__rosidl_typesupport_introspection_cpp.dir/rosidl_typesupport_introspection_cpp/dobot_msgs_v3/srv/detail/do_execute__type_support.cpp.o[0m
[29.842s] [ 33%] [32mBuilding C object CMakeFiles/dobot_msgs_v3__rosidl_typesupport_introspection_c.dir/rosidl_typesupport_introspection_c/dobot_msgs_v3/srv/detail/ao_execute__type_support.c.o[0m
[29.921s] [ 33%] [32mBuilding CXX object CMakeFiles/dobot_msgs_v3__rosidl_typesupport_cpp.dir/rosidl_typesupport_cpp/dobot_msgs_v3/srv/do_group__type_support.cpp.o[0m
[29.954s] [ 34%] [32mBuilding C object CMakeFiles/dobot_msgs_v3__rosidl_typesupport_introspection_c.dir/rosidl_typesupport_introspection_c/dobot_msgs_v3/srv/detail/arc__type_support.c.o[0m
[30.003s] [ 34%] [32mBuilding CXX object CMakeFiles/dobot_msgs_v3__rosidl_typesupport_cpp.dir/rosidl_typesupport_cpp/dobot_msgs_v3/srv/emergency_stop__type_support.cpp.o[0m
[30.062s] [ 34%] [32mBuilding CXX object CMakeFiles/dobot_msgs_v3__rosidl_typesupport_cpp.dir/rosidl_typesupport_cpp/dobot_msgs_v3/srv/enable_robot__type_support.cpp.o[0m
[30.102s] [ 34%] [32mBuilding C object CMakeFiles/dobot_msgs_v3__rosidl_typesupport_introspection_c.dir/rosidl_typesupport_introspection_c/dobot_msgs_v3/srv/detail/arch__type_support.c.o[0m
[30.263s] [ 34%] [32mBuilding C object CMakeFiles/dobot_msgs_v3__rosidl_typesupport_introspection_c.dir/rosidl_typesupport_introspection_c/dobot_msgs_v3/srv/detail/brake_control__type_support.c.o[0m
[30.338s] [ 34%] [32mBuilding CXX object CMakeFiles/dobot_msgs_v3__rosidl_typesupport_introspection_cpp.dir/rosidl_typesupport_introspection_cpp/dobot_msgs_v3/srv/detail/do_group__type_support.cpp.o[0m
[30.365s] [ 34%] [32mBuilding C object CMakeFiles/dobot_msgs_v3__rosidl_typesupport_introspection_c.dir/rosidl_typesupport_introspection_c/dobot_msgs_v3/srv/detail/circle__type_support.c.o[0m
[30.541s] [ 34%] [32mBuilding C object CMakeFiles/dobot_msgs_v3__rosidl_typesupport_introspection_c.dir/rosidl_typesupport_introspection_c/dobot_msgs_v3/srv/detail/clear_error__type_support.c.o[0m
[30.548s] [ 34%] [32mBuilding CXX object CMakeFiles/dobot_msgs_v3__rosidl_typesupport_introspection_cpp.dir/rosidl_typesupport_introspection_cpp/dobot_msgs_v3/srv/detail/emergency_stop__type_support.cpp.o[0m
[30.673s] [ 34%] [32mBuilding CXX object CMakeFiles/dobot_msgs_v3__rosidl_typesupport_introspection_cpp.dir/rosidl_typesupport_introspection_cpp/dobot_msgs_v3/srv/detail/enable_robot__type_support.cpp.o[0m
[30.676s] [ 34%] [32mBuilding C object CMakeFiles/dobot_msgs_v3__rosidl_typesupport_introspection_c.dir/rosidl_typesupport_introspection_c/dobot_msgs_v3/srv/detail/continues__type_support.c.o[0m
[30.712s] [ 34%] [32mBuilding C object CMakeFiles/dobot_msgs_v3__rosidl_typesupport_introspection_c.dir/rosidl_typesupport_introspection_c/dobot_msgs_v3/srv/detail/continue_script__type_support.c.o[0m
[30.761s] [ 35%] [32mBuilding CXX object CMakeFiles/dobot_msgs_v3__rosidl_typesupport_introspection_cpp.dir/rosidl_typesupport_introspection_cpp/dobot_msgs_v3/srv/detail/get_angle__type_support.cpp.o[0m
[30.777s] [ 36%] [32mBuilding C object CMakeFiles/dobot_msgs_v3__rosidl_typesupport_introspection_c.dir/rosidl_typesupport_introspection_c/dobot_msgs_v3/srv/detail/cp__type_support.c.o[0m
[30.795s] [ 36%] [32mBuilding CXX object CMakeFiles/dobot_msgs_v3__rosidl_typesupport_introspection_cpp.dir/rosidl_typesupport_introspection_cpp/dobot_msgs_v3/srv/detail/get_coils__type_support.cpp.o[0m
[30.850s] [ 37%] [32mBuilding CXX object CMakeFiles/dobot_msgs_v3__rosidl_typesupport_cpp.dir/rosidl_typesupport_cpp/dobot_msgs_v3/srv/get_angle__type_support.cpp.o[0m
[30.869s] [ 37%] [32mBuilding CXX object CMakeFiles/dobot_msgs_v3__rosidl_typesupport_introspection_cpp.dir/rosidl_typesupport_introspection_cpp/dobot_msgs_v3/srv/detail/get_error_id__type_support.cpp.o[0m
[30.874s] [ 37%] [32mBuilding CXX object CMakeFiles/dobot_msgs_v3__rosidl_typesupport_introspection_cpp.dir/rosidl_typesupport_introspection_cpp/dobot_msgs_v3/srv/detail/get_hold_regs__type_support.cpp.o[0m
[30.879s] [ 37%] [32mBuilding C object CMakeFiles/dobot_msgs_v3__rosidl_typesupport_introspection_c.dir/rosidl_typesupport_introspection_c/dobot_msgs_v3/srv/detail/di__type_support.c.o[0m
[30.908s] [ 37%] [32mBuilding CXX object CMakeFiles/dobot_msgs_v3__rosidl_typesupport_introspection_cpp.dir/rosidl_typesupport_introspection_cpp/dobot_msgs_v3/srv/detail/get_in_bits__type_support.cpp.o[0m
[30.996s] [ 37%] [32mBuilding C object CMakeFiles/dobot_msgs_v3__rosidl_typesupport_introspection_c.dir/rosidl_typesupport_introspection_c/dobot_msgs_v3/srv/detail/digital_outputs__type_support.c.o[0m
[31.073s] [35m[1mConsolidate compiler generated dependencies of target dobot_msgs_v3__rosidl_typesupport_fastrtps_c[0m
[31.127s] [ 37%] [32mBuilding C object CMakeFiles/dobot_msgs_v3__rosidl_typesupport_introspection_c.dir/rosidl_typesupport_introspection_c/dobot_msgs_v3/srv/detail/disable_robot__type_support.c.o[0m
[31.241s] [ 37%] [32mBuilding C object CMakeFiles/dobot_msgs_v3__rosidl_typesupport_introspection_c.dir/rosidl_typesupport_introspection_c/dobot_msgs_v3/srv/detail/do__type_support.c.o[0m
[31.326s] [ 37%] [32mBuilding C object CMakeFiles/dobot_msgs_v3__rosidl_typesupport_introspection_c.dir/rosidl_typesupport_introspection_c/dobot_msgs_v3/srv/detail/do_execute__type_support.c.o[0m
[31.334s] [ 37%] [32mBuilding CXX object CMakeFiles/dobot_msgs_v3__rosidl_typesupport_fastrtps_c.dir/rosidl_typesupport_fastrtps_c/dobot_msgs_v3/msg/detail/robot_status__type_support_c.cpp.o[0m
[31.408s] [ 37%] [32mBuilding CXX object CMakeFiles/dobot_msgs_v3__rosidl_typesupport_introspection_cpp.dir/rosidl_typesupport_introspection_cpp/dobot_msgs_v3/srv/detail/get_in_regs__type_support.cpp.o[0m
[31.432s] [ 37%] [32mBuilding C object CMakeFiles/dobot_msgs_v3__rosidl_typesupport_introspection_c.dir/rosidl_typesupport_introspection_c/dobot_msgs_v3/srv/detail/do_group__type_support.c.o[0m
[31.528s] [ 37%] [32mBuilding CXX object CMakeFiles/dobot_msgs_v3__rosidl_typesupport_cpp.dir/rosidl_typesupport_cpp/dobot_msgs_v3/srv/get_coils__type_support.cpp.o[0m
[31.598s] [ 37%] [32mBuilding CXX object CMakeFiles/dobot_msgs_v3__rosidl_typesupport_fastrtps_c.dir/rosidl_typesupport_fastrtps_c/dobot_msgs_v3/msg/detail/tool_vector_actual__type_support_c.cpp.o[0m
[31.609s] [ 38%] [32mBuilding C object CMakeFiles/dobot_msgs_v3__rosidl_typesupport_introspection_c.dir/rosidl_typesupport_introspection_c/dobot_msgs_v3/srv/detail/emergency_stop__type_support.c.o[0m
[31.677s] [ 38%] [32mBuilding C object CMakeFiles/dobot_msgs_v3__rosidl_typesupport_introspection_c.dir/rosidl_typesupport_introspection_c/dobot_msgs_v3/srv/detail/enable_robot__type_support.c.o[0m
[31.757s] [ 38%] [32mBuilding CXX object CMakeFiles/dobot_msgs_v3__rosidl_typesupport_fastrtps_c.dir/rosidl_typesupport_fastrtps_c/dobot_msgs_v3/srv/detail/acc_j__type_support_c.cpp.o[0m
[31.786s] [ 38%] [32mBuilding C object CMakeFiles/dobot_msgs_v3__rosidl_typesupport_introspection_c.dir/rosidl_typesupport_introspection_c/dobot_msgs_v3/srv/detail/get_angle__type_support.c.o[0m
[31.872s] [ 38%] [32mBuilding CXX object CMakeFiles/dobot_msgs_v3__rosidl_typesupport_introspection_cpp.dir/rosidl_typesupport_introspection_cpp/dobot_msgs_v3/srv/detail/get_pose__type_support.cpp.o[0m
[31.923s] [ 38%] [32mBuilding C object CMakeFiles/dobot_msgs_v3__rosidl_typesupport_introspection_c.dir/rosidl_typesupport_introspection_c/dobot_msgs_v3/srv/detail/get_coils__type_support.c.o[0m
[31.984s] [ 38%] [32mBuilding CXX object CMakeFiles/dobot_msgs_v3__rosidl_typesupport_cpp.dir/rosidl_typesupport_cpp/dobot_msgs_v3/srv/get_error_id__type_support.cpp.o[0m
[32.010s] [ 38%] [32mBuilding C object CMakeFiles/dobot_msgs_v3__rosidl_typesupport_introspection_c.dir/rosidl_typesupport_introspection_c/dobot_msgs_v3/srv/detail/get_error_id__type_support.c.o[0m
[32.101s] [ 38%] [32mBuilding C object CMakeFiles/dobot_msgs_v3__rosidl_typesupport_introspection_c.dir/rosidl_typesupport_introspection_c/dobot_msgs_v3/srv/detail/get_hold_regs__type_support.c.o[0m
[32.138s] [ 38%] [32mBuilding CXX object CMakeFiles/dobot_msgs_v3__rosidl_typesupport_cpp.dir/rosidl_typesupport_cpp/dobot_msgs_v3/srv/get_hold_regs__type_support.cpp.o[0m
[32.234s] [ 39%] [32mBuilding C object CMakeFiles/dobot_msgs_v3__rosidl_typesupport_introspection_c.dir/rosidl_typesupport_introspection_c/dobot_msgs_v3/srv/detail/get_in_regs__type_support.c.o[0m
[32.235s] [ 39%] [32mBuilding C object CMakeFiles/dobot_msgs_v3__rosidl_typesupport_introspection_c.dir/rosidl_typesupport_introspection_c/dobot_msgs_v3/srv/detail/get_in_bits__type_support.c.o[0m
[32.239s] [ 39%] [32mBuilding C object CMakeFiles/dobot_msgs_v3__rosidl_typesupport_introspection_c.dir/rosidl_typesupport_introspection_c/dobot_msgs_v3/srv/detail/get_pose__type_support.c.o[0m
[32.302s] [ 39%] [32mBuilding CXX object CMakeFiles/dobot_msgs_v3__rosidl_typesupport_cpp.dir/rosidl_typesupport_cpp/dobot_msgs_v3/srv/get_in_bits__type_support.cpp.o[0m
[32.351s] [ 39%] [32mBuilding CXX object CMakeFiles/dobot_msgs_v3__rosidl_typesupport_cpp.dir/rosidl_typesupport_cpp/dobot_msgs_v3/srv/get_in_regs__type_support.cpp.o[0m
[32.359s] [ 39%] [32mBuilding CXX object CMakeFiles/dobot_msgs_v3__rosidl_typesupport_fastrtps_c.dir/rosidl_typesupport_fastrtps_c/dobot_msgs_v3/srv/detail/acc_l__type_support_c.cpp.o[0m
[32.379s] [ 39%] [32mBuilding C object CMakeFiles/dobot_msgs_v3__rosidl_typesupport_introspection_c.dir/rosidl_typesupport_introspection_c/dobot_msgs_v3/srv/detail/inverse_solution__type_support.c.o[0m
[32.481s] [ 39%] [32mBuilding C object CMakeFiles/dobot_msgs_v3__rosidl_typesupport_introspection_c.dir/rosidl_typesupport_introspection_c/dobot_msgs_v3/srv/detail/joint_mov_j__type_support.c.o[0m
[32.511s] [ 39%] [32mBuilding CXX object CMakeFiles/dobot_msgs_v3__rosidl_typesupport_fastrtps_c.dir/rosidl_typesupport_fastrtps_c/dobot_msgs_v3/srv/detail/ao__type_support_c.cpp.o[0m
[32.520s] [ 39%] [32mBuilding C object CMakeFiles/dobot_msgs_v3__rosidl_typesupport_introspection_c.dir/rosidl_typesupport_introspection_c/dobot_msgs_v3/srv/detail/jump__type_support.c.o[0m
[32.524s] [ 40%] [32mBuilding CXX object CMakeFiles/dobot_msgs_v3__rosidl_typesupport_introspection_cpp.dir/rosidl_typesupport_introspection_cpp/dobot_msgs_v3/srv/detail/inverse_solution__type_support.cpp.o[0m
[32.608s] [ 40%] [32mBuilding CXX object CMakeFiles/dobot_msgs_v3__rosidl_typesupport_cpp.dir/rosidl_typesupport_cpp/dobot_msgs_v3/srv/get_pose__type_support.cpp.o[0m
[32.649s] [ 40%] [32mBuilding CXX object CMakeFiles/dobot_msgs_v3__rosidl_typesupport_fastrtps_c.dir/rosidl_typesupport_fastrtps_c/dobot_msgs_v3/srv/detail/ao_execute__type_support_c.cpp.o[0m
[32.715s] [ 40%] [32mBuilding C object CMakeFiles/dobot_msgs_v3__rosidl_typesupport_introspection_c.dir/rosidl_typesupport_introspection_c/dobot_msgs_v3/srv/detail/lim_z__type_support.c.o[0m
[32.765s] [ 41%] [32mBuilding C object CMakeFiles/dobot_msgs_v3__rosidl_typesupport_introspection_c.dir/rosidl_typesupport_introspection_c/dobot_msgs_v3/srv/detail/load_switch__type_support.c.o[0m
[32.801s] [ 42%] [32mBuilding CXX object CMakeFiles/dobot_msgs_v3__rosidl_typesupport_cpp.dir/rosidl_typesupport_cpp/dobot_msgs_v3/srv/inverse_solution__type_support.cpp.o[0m
[32.843s] [ 42%] [32mBuilding C object CMakeFiles/dobot_msgs_v3__rosidl_typesupport_introspection_c.dir/rosidl_typesupport_introspection_c/dobot_msgs_v3/srv/detail/modbus_close__type_support.c.o[0m
[32.895s] [ 42%] [32mBuilding CXX object CMakeFiles/dobot_msgs_v3__rosidl_typesupport_introspection_cpp.dir/rosidl_typesupport_introspection_cpp/dobot_msgs_v3/srv/detail/joint_mov_j__type_support.cpp.o[0m
[32.905s] [ 42%] [32mBuilding CXX object CMakeFiles/dobot_msgs_v3__rosidl_typesupport_introspection_cpp.dir/rosidl_typesupport_introspection_cpp/dobot_msgs_v3/srv/detail/jump__type_support.cpp.o[0m
[32.929s] [ 43%] [32mBuilding CXX object CMakeFiles/dobot_msgs_v3__rosidl_typesupport_fastrtps_c.dir/rosidl_typesupport_fastrtps_c/dobot_msgs_v3/srv/detail/arc__type_support_c.cpp.o[0m
[32.937s] [ 43%] [32mBuilding C object CMakeFiles/dobot_msgs_v3__rosidl_typesupport_introspection_c.dir/rosidl_typesupport_introspection_c/dobot_msgs_v3/srv/detail/modbus_create__type_support.c.o[0m
[32.973s] [ 43%] [32mBuilding C object CMakeFiles/dobot_msgs_v3__rosidl_typesupport_introspection_c.dir/rosidl_typesupport_introspection_c/dobot_msgs_v3/srv/detail/move_jog__type_support.c.o[0m
[33.047s] [ 43%] [32mBuilding CXX object CMakeFiles/dobot_msgs_v3__rosidl_typesupport_introspection_cpp.dir/rosidl_typesupport_introspection_cpp/dobot_msgs_v3/srv/detail/lim_z__type_support.cpp.o[0m
[33.084s] [ 43%] [32mBuilding C object CMakeFiles/dobot_msgs_v3__rosidl_typesupport_introspection_c.dir/rosidl_typesupport_introspection_c/dobot_msgs_v3/srv/detail/mov_j__type_support.c.o[0m
[33.196s] [35m[1mConsolidate compiler generated dependencies of target dobot_msgs_v3__rosidl_typesupport_fastrtps_cpp[0m
[33.213s] [ 43%] [32mBuilding C object CMakeFiles/dobot_msgs_v3__rosidl_typesupport_introspection_c.dir/rosidl_typesupport_introspection_c/dobot_msgs_v3/srv/detail/mov_j_ext__type_support.c.o[0m
[33.249s] [ 43%] [32mBuilding CXX object CMakeFiles/dobot_msgs_v3__rosidl_typesupport_fastrtps_c.dir/rosidl_typesupport_fastrtps_c/dobot_msgs_v3/srv/detail/arch__type_support_c.cpp.o[0m
[33.295s] [ 43%] [32mBuilding C object CMakeFiles/dobot_msgs_v3__rosidl_typesupport_introspection_c.dir/rosidl_typesupport_introspection_c/dobot_msgs_v3/srv/detail/mov_jio__type_support.c.o[0m
[33.404s] [ 43%] [32mBuilding CXX object CMakeFiles/dobot_msgs_v3__rosidl_typesupport_fastrtps_c.dir/rosidl_typesupport_fastrtps_c/dobot_msgs_v3/srv/detail/brake_control__type_support_c.cpp.o[0m
[33.453s] [ 44%] [32mBuilding C object CMakeFiles/dobot_msgs_v3__rosidl_typesupport_introspection_c.dir/rosidl_typesupport_introspection_c/dobot_msgs_v3/srv/detail/mov_l__type_support.c.o[0m
[33.512s] [ 44%] [32mBuilding CXX object CMakeFiles/dobot_msgs_v3__rosidl_typesupport_cpp.dir/rosidl_typesupport_cpp/dobot_msgs_v3/srv/joint_mov_j__type_support.cpp.o[0m
[33.563s] [ 44%] [32mBuilding CXX object CMakeFiles/dobot_msgs_v3__rosidl_typesupport_fastrtps_cpp.dir/rosidl_typesupport_fastrtps_cpp/dobot_msgs_v3/msg/detail/dds_fastrtps/robot_status__type_support.cpp.o[0m
[33.588s] [ 45%] [32mBuilding CXX object CMakeFiles/dobot_msgs_v3__rosidl_typesupport_fastrtps_cpp.dir/rosidl_typesupport_fastrtps_cpp/dobot_msgs_v3/msg/detail/dds_fastrtps/tool_vector_actual__type_support.cpp.o[0m
[33.605s] [ 45%] [32mBuilding C object CMakeFiles/dobot_msgs_v3__rosidl_typesupport_introspection_c.dir/rosidl_typesupport_introspection_c/dobot_msgs_v3/srv/detail/mov_lio__type_support.c.o[0m
[33.729s] [ 45%] [32mBuilding CXX object CMakeFiles/dobot_msgs_v3__rosidl_typesupport_fastrtps_cpp.dir/rosidl_typesupport_fastrtps_cpp/dobot_msgs_v3/srv/detail/dds_fastrtps/acc_j__type_support.cpp.o[0m
[33.730s] [ 45%] [32mBuilding C object CMakeFiles/dobot_msgs_v3__rosidl_typesupport_introspection_c.dir/rosidl_typesupport_introspection_c/dobot_msgs_v3/srv/detail/pause__type_support.c.o[0m
[33.771s] [ 45%] [32mBuilding C object CMakeFiles/dobot_msgs_v3__rosidl_typesupport_introspection_c.dir/rosidl_typesupport_introspection_c/dobot_msgs_v3/srv/detail/pause_script__type_support.c.o[0m
[33.836s] [ 45%] [32mBuilding CXX object CMakeFiles/dobot_msgs_v3__rosidl_typesupport_cpp.dir/rosidl_typesupport_cpp/dobot_msgs_v3/srv/jump__type_support.cpp.o[0m
[33.889s] [ 45%] [32mBuilding C object CMakeFiles/dobot_msgs_v3__rosidl_typesupport_introspection_c.dir/rosidl_typesupport_introspection_c/dobot_msgs_v3/srv/detail/pay_load__type_support.c.o[0m
[33.921s] [ 45%] [32mBuilding CXX object CMakeFiles/dobot_msgs_v3__rosidl_typesupport_fastrtps_cpp.dir/rosidl_typesupport_fastrtps_cpp/dobot_msgs_v3/srv/detail/dds_fastrtps/acc_l__type_support.cpp.o[0m
[34.019s] [ 45%] [32mBuilding CXX object CMakeFiles/dobot_msgs_v3__rosidl_typesupport_introspection_cpp.dir/rosidl_typesupport_introspection_cpp/dobot_msgs_v3/srv/detail/load_switch__type_support.cpp.o[0m
[34.060s] [ 45%] [32mBuilding CXX object CMakeFiles/dobot_msgs_v3__rosidl_typesupport_introspection_cpp.dir/rosidl_typesupport_introspection_cpp/dobot_msgs_v3/srv/detail/modbus_close__type_support.cpp.o[0m
[34.060s] [ 45%] [32mBuilding CXX object CMakeFiles/dobot_msgs_v3__rosidl_typesupport_fastrtps_cpp.dir/rosidl_typesupport_fastrtps_cpp/dobot_msgs_v3/srv/detail/dds_fastrtps/ao__type_support.cpp.o[0m
[34.075s] [ 45%] [32mBuilding C object CMakeFiles/dobot_msgs_v3__rosidl_typesupport_introspection_c.dir/rosidl_typesupport_introspection_c/dobot_msgs_v3/srv/detail/positive_solution__type_support.c.o[0m
[34.123s] [ 45%] [32mBuilding CXX object CMakeFiles/dobot_msgs_v3__rosidl_typesupport_fastrtps_cpp.dir/rosidl_typesupport_fastrtps_cpp/dobot_msgs_v3/srv/detail/dds_fastrtps/ao_execute__type_support.cpp.o[0m
[34.192s] [ 45%] [32mBuilding C object CMakeFiles/dobot_msgs_v3__rosidl_typesupport_introspection_c.dir/rosidl_typesupport_introspection_c/dobot_msgs_v3/srv/detail/power_on__type_support.c.o[0m
[34.194s] [ 45%] [32mBuilding CXX object CMakeFiles/dobot_msgs_v3__rosidl_typesupport_fastrtps_c.dir/rosidl_typesupport_fastrtps_c/dobot_msgs_v3/srv/detail/circle__type_support_c.cpp.o[0m
[34.307s] [ 46%] [32mBuilding C object CMakeFiles/dobot_msgs_v3__rosidl_typesupport_introspection_c.dir/rosidl_typesupport_introspection_c/dobot_msgs_v3/srv/detail/rel_joint_mov_j__type_support.c.o[0m
[34.377s] [ 46%] [32mBuilding CXX object CMakeFiles/dobot_msgs_v3__rosidl_typesupport_cpp.dir/rosidl_typesupport_cpp/dobot_msgs_v3/srv/lim_z__type_support.cpp.o[0m
[34.408s] [ 46%] [32mBuilding C object CMakeFiles/dobot_msgs_v3__rosidl_typesupport_introspection_c.dir/rosidl_typesupport_introspection_c/dobot_msgs_v3/srv/detail/rel_mov_j__type_support.c.o[0m
[34.419s] [ 46%] [32mBuilding CXX object CMakeFiles/dobot_msgs_v3__rosidl_typesupport_fastrtps_cpp.dir/rosidl_typesupport_fastrtps_cpp/dobot_msgs_v3/srv/detail/dds_fastrtps/arc__type_support.cpp.o[0m
[34.556s] [ 46%] [32mBuilding C object CMakeFiles/dobot_msgs_v3__rosidl_typesupport_introspection_c.dir/rosidl_typesupport_introspection_c/dobot_msgs_v3/srv/detail/rel_mov_j_user__type_support.c.o[0m
[34.620s] [ 46%] [32mBuilding CXX object CMakeFiles/dobot_msgs_v3__rosidl_typesupport_introspection_cpp.dir/rosidl_typesupport_introspection_cpp/dobot_msgs_v3/srv/detail/modbus_create__type_support.cpp.o[0m
[34.707s] [ 46%] [32mBuilding C object CMakeFiles/dobot_msgs_v3__rosidl_typesupport_introspection_c.dir/rosidl_typesupport_introspection_c/dobot_msgs_v3/srv/detail/rel_mov_j_tool__type_support.c.o[0m
[34.734s] [ 46%] [32mBuilding CXX object CMakeFiles/dobot_msgs_v3__rosidl_typesupport_cpp.dir/rosidl_typesupport_cpp/dobot_msgs_v3/srv/load_switch__type_support.cpp.o[0m
[34.837s] [ 46%] [32mBuilding C object CMakeFiles/dobot_msgs_v3__rosidl_typesupport_introspection_c.dir/rosidl_typesupport_introspection_c/dobot_msgs_v3/srv/detail/rel_mov_l__type_support.c.o[0m
[34.885s] [ 46%] [32mBuilding CXX object CMakeFiles/dobot_msgs_v3__rosidl_typesupport_fastrtps_c.dir/rosidl_typesupport_fastrtps_c/dobot_msgs_v3/srv/detail/clear_error__type_support_c.cpp.o[0m
[34.953s] [ 47%] [32mBuilding CXX object CMakeFiles/dobot_msgs_v3__rosidl_typesupport_introspection_cpp.dir/rosidl_typesupport_introspection_cpp/dobot_msgs_v3/srv/detail/move_jog__type_support.cpp.o[0m
[34.977s] [ 47%] [32mBuilding C object CMakeFiles/dobot_msgs_v3__rosidl_typesupport_introspection_c.dir/rosidl_typesupport_introspection_c/dobot_msgs_v3/srv/detail/rel_mov_l_user__type_support.c.o[0m
[35.063s] [ 47%] [32mBuilding CXX object CMakeFiles/dobot_msgs_v3__rosidl_typesupport_fastrtps_cpp.dir/rosidl_typesupport_fastrtps_cpp/dobot_msgs_v3/srv/detail/dds_fastrtps/arch__type_support.cpp.o[0m
[35.084s] [ 48%] [32mBuilding CXX object CMakeFiles/dobot_msgs_v3__rosidl_typesupport_fastrtps_cpp.dir/rosidl_typesupport_fastrtps_cpp/dobot_msgs_v3/srv/detail/dds_fastrtps/brake_control__type_support.cpp.o[0m
[35.110s] [ 48%] [32mBuilding C object CMakeFiles/dobot_msgs_v3__rosidl_typesupport_introspection_c.dir/rosidl_typesupport_introspection_c/dobot_msgs_v3/srv/detail/rel_mov_l_tool__type_support.c.o[0m
[35.177s] [ 48%] [32mBuilding CXX object CMakeFiles/dobot_msgs_v3__rosidl_typesupport_fastrtps_c.dir/rosidl_typesupport_fastrtps_c/dobot_msgs_v3/srv/detail/continues__type_support_c.cpp.o[0m
[35.278s] [ 48%] [32mBuilding CXX object CMakeFiles/dobot_msgs_v3__rosidl_typesupport_cpp.dir/rosidl_typesupport_cpp/dobot_msgs_v3/srv/modbus_close__type_support.cpp.o[0m
[35.296s] [ 49%] [32mBuilding C object CMakeFiles/dobot_msgs_v3__rosidl_typesupport_introspection_c.dir/rosidl_typesupport_introspection_c/dobot_msgs_v3/srv/detail/reset_robot__type_support.c.o[0m
[35.424s] [ 49%] [32mBuilding C object CMakeFiles/dobot_msgs_v3__rosidl_typesupport_introspection_c.dir/rosidl_typesupport_introspection_c/dobot_msgs_v3/srv/detail/robot_mode__type_support.c.o[0m
[35.458s] [ 49%] [32mBuilding CXX object CMakeFiles/dobot_msgs_v3__rosidl_typesupport_cpp.dir/rosidl_typesupport_cpp/dobot_msgs_v3/srv/modbus_create__type_support.cpp.o[0m
[35.464s] [ 49%] [32mBuilding CXX object CMakeFiles/dobot_msgs_v3__rosidl_typesupport_fastrtps_cpp.dir/rosidl_typesupport_fastrtps_cpp/dobot_msgs_v3/srv/detail/dds_fastrtps/circle__type_support.cpp.o[0m
[35.516s] [ 49%] [32mBuilding C object CMakeFiles/dobot_msgs_v3__rosidl_typesupport_introspection_c.dir/rosidl_typesupport_introspection_c/dobot_msgs_v3/srv/detail/run_script__type_support.c.o[0m
[35.600s] [ 50%] [32mBuilding CXX object CMakeFiles/dobot_msgs_v3__rosidl_typesupport_cpp.dir/rosidl_typesupport_cpp/dobot_msgs_v3/srv/move_jog__type_support.cpp.o[0m
[35.615s] [ 50%] [32mBuilding CXX object CMakeFiles/dobot_msgs_v3__rosidl_typesupport_fastrtps_cpp.dir/rosidl_typesupport_fastrtps_cpp/dobot_msgs_v3/srv/detail/dds_fastrtps/clear_error__type_support.cpp.o[0m
[35.616s] [ 50%] [32mBuilding C object CMakeFiles/dobot_msgs_v3__rosidl_typesupport_introspection_c.dir/rosidl_typesupport_introspection_c/dobot_msgs_v3/srv/detail/servo_j__type_support.c.o[0m
[35.708s] [ 50%] [32mBuilding C object CMakeFiles/dobot_msgs_v3__rosidl_typesupport_introspection_c.dir/rosidl_typesupport_introspection_c/dobot_msgs_v3/srv/detail/servo_p__type_support.c.o[0m
[35.763s] [ 50%] [32mBuilding CXX object CMakeFiles/dobot_msgs_v3__rosidl_typesupport_introspection_cpp.dir/rosidl_typesupport_introspection_cpp/dobot_msgs_v3/srv/detail/mov_j__type_support.cpp.o[0m
[35.805s] [ 50%] [32mBuilding C object CMakeFiles/dobot_msgs_v3__rosidl_typesupport_introspection_c.dir/rosidl_typesupport_introspection_c/dobot_msgs_v3/srv/detail/set_arm_orientation__type_support.c.o[0m
[35.845s] [ 50%] [32mBuilding CXX object CMakeFiles/dobot_msgs_v3__rosidl_typesupport_introspection_cpp.dir/rosidl_typesupport_introspection_cpp/dobot_msgs_v3/srv/detail/mov_j_ext__type_support.cpp.o[0m
[35.875s] [ 50%] [32mBuilding CXX object CMakeFiles/dobot_msgs_v3__rosidl_typesupport_fastrtps_c.dir/rosidl_typesupport_fastrtps_c/dobot_msgs_v3/srv/detail/continue_script__type_support_c.cpp.o[0m
[35.911s] [ 50%] [32mBuilding C object CMakeFiles/dobot_msgs_v3__rosidl_typesupport_introspection_c.dir/rosidl_typesupport_introspection_c/dobot_msgs_v3/srv/detail/set_coils__type_support.c.o[0m
[36.095s] [ 51%] [32mBuilding C object CMakeFiles/dobot_msgs_v3__rosidl_typesupport_introspection_c.dir/rosidl_typesupport_introspection_c/dobot_msgs_v3/srv/detail/set_collision_level__type_support.c.o[0m
[36.167s] [ 52%] [32mBuilding CXX object CMakeFiles/dobot_msgs_v3__rosidl_typesupport_fastrtps_c.dir/rosidl_typesupport_fastrtps_c/dobot_msgs_v3/srv/detail/cp__type_support_c.cpp.o[0m
[36.210s] [ 52%] [32mBuilding CXX object CMakeFiles/dobot_msgs_v3__rosidl_typesupport_fastrtps_c.dir/rosidl_typesupport_fastrtps_c/dobot_msgs_v3/srv/detail/di__type_support_c.cpp.o[0m
[36.225s] [ 52%] [32mBuilding C object CMakeFiles/dobot_msgs_v3__rosidl_typesupport_introspection_c.dir/rosidl_typesupport_introspection_c/dobot_msgs_v3/srv/detail/set_hold_regs__type_support.c.o[0m
[36.343s] [ 52%] [32mBuilding C object CMakeFiles/dobot_msgs_v3__rosidl_typesupport_introspection_c.dir/rosidl_typesupport_introspection_c/dobot_msgs_v3/srv/detail/set_obstacle_avoid__type_support.c.o[0m
[36.455s] [ 52%] [32mBuilding C object CMakeFiles/dobot_msgs_v3__rosidl_typesupport_introspection_c.dir/rosidl_typesupport_introspection_c/dobot_msgs_v3/srv/detail/set_payload__type_support.c.o[0m
[36.486s] [ 52%] [32mBuilding C object CMakeFiles/dobot_msgs_v3__rosidl_typesupport_introspection_c.dir/rosidl_typesupport_introspection_c/dobot_msgs_v3/srv/detail/set_safe_skin__type_support.c.o[0m
[36.562s] [ 52%] [32mBuilding CXX object CMakeFiles/dobot_msgs_v3__rosidl_typesupport_fastrtps_cpp.dir/rosidl_typesupport_fastrtps_cpp/dobot_msgs_v3/srv/detail/dds_fastrtps/continues__type_support.cpp.o[0m
[36.582s] [ 52%] [32mBuilding CXX object CMakeFiles/dobot_msgs_v3__rosidl_typesupport_cpp.dir/rosidl_typesupport_cpp/dobot_msgs_v3/srv/mov_j__type_support.cpp.o[0m
[36.590s] [ 52%] [32mBuilding CXX object CMakeFiles/dobot_msgs_v3__rosidl_typesupport_introspection_cpp.dir/rosidl_typesupport_introspection_cpp/dobot_msgs_v3/srv/detail/mov_jio__type_support.cpp.o[0m
[36.596s] [ 52%] [32mBuilding C object CMakeFiles/dobot_msgs_v3__rosidl_typesupport_introspection_c.dir/rosidl_typesupport_introspection_c/dobot_msgs_v3/srv/detail/speed_factor__type_support.c.o[0m
[36.601s] [ 52%] [32mBuilding CXX object CMakeFiles/dobot_msgs_v3__rosidl_typesupport_cpp.dir/rosidl_typesupport_cpp/dobot_msgs_v3/srv/mov_j_ext__type_support.cpp.o[0m
[36.649s] [ 52%] [32mBuilding CXX object CMakeFiles/dobot_msgs_v3__rosidl_typesupport_cpp.dir/rosidl_typesupport_cpp/dobot_msgs_v3/srv/mov_jio__type_support.cpp.o[0m
[36.691s] [ 52%] [32mBuilding C object CMakeFiles/dobot_msgs_v3__rosidl_typesupport_introspection_c.dir/rosidl_typesupport_introspection_c/dobot_msgs_v3/srv/detail/speed_j__type_support.c.o[0m
[36.771s] [ 52%] [32mBuilding CXX object CMakeFiles/dobot_msgs_v3__rosidl_typesupport_cpp.dir/rosidl_typesupport_cpp/dobot_msgs_v3/srv/mov_lio__type_support.cpp.o[0m
[36.793s] [ 52%] [32mBuilding CXX object CMakeFiles/dobot_msgs_v3__rosidl_typesupport_cpp.dir/rosidl_typesupport_cpp/dobot_msgs_v3/srv/mov_l__type_support.cpp.o[0m
[36.806s] [ 52%] [32mBuilding CXX object CMakeFiles/dobot_msgs_v3__rosidl_typesupport_cpp.dir/rosidl_typesupport_cpp/dobot_msgs_v3/srv/pause__type_support.cpp.o[0m
[36.821s] [ 52%] [32mBuilding CXX object CMakeFiles/dobot_msgs_v3__rosidl_typesupport_fastrtps_c.dir/rosidl_typesupport_fastrtps_c/dobot_msgs_v3/srv/detail/digital_outputs__type_support_c.cpp.o[0m
[36.881s] [ 53%] [32mBuilding C object CMakeFiles/dobot_msgs_v3__rosidl_typesupport_introspection_c.dir/rosidl_typesupport_introspection_c/dobot_msgs_v3/srv/detail/speed_l__type_support.c.o[0m
[37.017s] [ 53%] [32mBuilding C object CMakeFiles/dobot_msgs_v3__rosidl_typesupport_introspection_c.dir/rosidl_typesupport_introspection_c/dobot_msgs_v3/srv/detail/start_drag__type_support.c.o[0m
[37.121s] [ 53%] [32mBuilding CXX object CMakeFiles/dobot_msgs_v3__rosidl_typesupport_introspection_cpp.dir/rosidl_typesupport_introspection_cpp/dobot_msgs_v3/srv/detail/mov_l__type_support.cpp.o[0m
[37.209s] [ 54%] [32mBuilding CXX object CMakeFiles/dobot_msgs_v3__rosidl_typesupport_cpp.dir/rosidl_typesupport_cpp/dobot_msgs_v3/srv/pause_script__type_support.cpp.o[0m
[37.226s] [ 54%] [32mBuilding C object CMakeFiles/dobot_msgs_v3__rosidl_typesupport_introspection_c.dir/rosidl_typesupport_introspection_c/dobot_msgs_v3/srv/detail/start_fc_trace__type_support.c.o[0m
[37.298s] [ 54%] [32mBuilding C object CMakeFiles/dobot_msgs_v3__rosidl_typesupport_introspection_c.dir/rosidl_typesupport_introspection_c/dobot_msgs_v3/srv/detail/start_path__type_support.c.o[0m
[37.357s] [ 54%] [32mBuilding CXX object CMakeFiles/dobot_msgs_v3__rosidl_typesupport_fastrtps_c.dir/rosidl_typesupport_fastrtps_c/dobot_msgs_v3/srv/detail/disable_robot__type_support_c.cpp.o[0m
[37.357s] [ 54%] [32mBuilding CXX object CMakeFiles/dobot_msgs_v3__rosidl_typesupport_fastrtps_c.dir/rosidl_typesupport_fastrtps_c/dobot_msgs_v3/srv/detail/do__type_support_c.cpp.o[0m
[37.376s] [ 54%] [32mBuilding C object CMakeFiles/dobot_msgs_v3__rosidl_typesupport_introspection_c.dir/rosidl_typesupport_introspection_c/dobot_msgs_v3/srv/detail/start_trace__type_support.c.o[0m
[37.548s] [ 54%] [32mBuilding C object CMakeFiles/dobot_msgs_v3__rosidl_typesupport_introspection_c.dir/rosidl_typesupport_introspection_c/dobot_msgs_v3/srv/detail/stop_drag__type_support.c.o[0m
[37.552s] [ 54%] [32mBuilding CXX object CMakeFiles/dobot_msgs_v3__rosidl_typesupport_fastrtps_c.dir/rosidl_typesupport_fastrtps_c/dobot_msgs_v3/srv/detail/do_execute__type_support_c.cpp.o[0m
[37.563s] [ 54%] [32mBuilding CXX object CMakeFiles/dobot_msgs_v3__rosidl_typesupport_fastrtps_cpp.dir/rosidl_typesupport_fastrtps_cpp/dobot_msgs_v3/srv/detail/dds_fastrtps/continue_script__type_support.cpp.o[0m
[37.632s] [ 54%] [32mBuilding CXX object CMakeFiles/dobot_msgs_v3__rosidl_typesupport_introspection_cpp.dir/rosidl_typesupport_introspection_cpp/dobot_msgs_v3/srv/detail/mov_lio__type_support.cpp.o[0m
[37.685s] [ 54%] [32mBuilding CXX object CMakeFiles/dobot_msgs_v3__rosidl_typesupport_introspection_cpp.dir/rosidl_typesupport_introspection_cpp/dobot_msgs_v3/srv/detail/pause__type_support.cpp.o[0m
[37.688s] [ 54%] [32mBuilding C object CMakeFiles/dobot_msgs_v3__rosidl_typesupport_introspection_c.dir/rosidl_typesupport_introspection_c/dobot_msgs_v3/srv/detail/stopmove_jog__type_support.c.o[0m
[37.868s] [ 55%] [32mBuilding C object CMakeFiles/dobot_msgs_v3__rosidl_typesupport_introspection_c.dir/rosidl_typesupport_introspection_c/dobot_msgs_v3/srv/detail/stop_script__type_support.c.o[0m
[38.063s] [ 55%] [32mBuilding C object CMakeFiles/dobot_msgs_v3__rosidl_typesupport_introspection_c.dir/rosidl_typesupport_introspection_c/dobot_msgs_v3/srv/detail/sync__type_support.c.o[0m
[38.169s] [ 55%] [32mBuilding C object CMakeFiles/dobot_msgs_v3__rosidl_typesupport_introspection_c.dir/rosidl_typesupport_introspection_c/dobot_msgs_v3/srv/detail/sync_all__type_support.c.o[0m
[38.186s] [ 55%] [32mBuilding CXX object CMakeFiles/dobot_msgs_v3__rosidl_typesupport_cpp.dir/rosidl_typesupport_cpp/dobot_msgs_v3/srv/pay_load__type_support.cpp.o[0m
[38.285s] [ 55%] [32mBuilding CXX object CMakeFiles/dobot_msgs_v3__rosidl_typesupport_cpp.dir/rosidl_typesupport_cpp/dobot_msgs_v3/srv/positive_solution__type_support.cpp.o[0m
[38.308s] [ 55%] [32mBuilding C object CMakeFiles/dobot_msgs_v3__rosidl_typesupport_introspection_c.dir/rosidl_typesupport_introspection_c/dobot_msgs_v3/srv/detail/tool__type_support.c.o[0m
[38.471s] [ 56%] [32mBuilding CXX object CMakeFiles/dobot_msgs_v3__rosidl_typesupport_introspection_cpp.dir/rosidl_typesupport_introspection_cpp/dobot_msgs_v3/srv/detail/pause_script__type_support.cpp.o[0m
[38.480s] [ 56%] [32mBuilding C object CMakeFiles/dobot_msgs_v3__rosidl_typesupport_introspection_c.dir/rosidl_typesupport_introspection_c/dobot_msgs_v3/srv/detail/tool_di__type_support.c.o[0m
[38.520s] [ 56%] [32mBuilding CXX object CMakeFiles/dobot_msgs_v3__rosidl_typesupport_fastrtps_cpp.dir/rosidl_typesupport_fastrtps_cpp/dobot_msgs_v3/srv/detail/dds_fastrtps/cp__type_support.cpp.o[0m
[38.685s] [ 56%] [32mBuilding C object CMakeFiles/dobot_msgs_v3__rosidl_typesupport_introspection_c.dir/rosidl_typesupport_introspection_c/dobot_msgs_v3/srv/detail/tool_do__type_support.c.o[0m
[38.857s] [ 56%] [32mBuilding C object CMakeFiles/dobot_msgs_v3__rosidl_typesupport_introspection_c.dir/rosidl_typesupport_introspection_c/dobot_msgs_v3/srv/detail/tool_do_execute__type_support.c.o[0m
[38.858s] [ 56%] [32mBuilding CXX object CMakeFiles/dobot_msgs_v3__rosidl_typesupport_cpp.dir/rosidl_typesupport_cpp/dobot_msgs_v3/srv/power_on__type_support.cpp.o[0m
[38.968s] [ 56%] [32mBuilding CXX object CMakeFiles/dobot_msgs_v3__rosidl_typesupport_introspection_cpp.dir/rosidl_typesupport_introspection_cpp/dobot_msgs_v3/srv/detail/pay_load__type_support.cpp.o[0m
[39.043s] [ 57%] [32mBuilding C object CMakeFiles/dobot_msgs_v3__rosidl_typesupport_introspection_c.dir/rosidl_typesupport_introspection_c/dobot_msgs_v3/srv/detail/user__type_support.c.o[0m
[39.176s] [ 57%] [32mBuilding C object CMakeFiles/dobot_msgs_v3__rosidl_typesupport_introspection_c.dir/rosidl_typesupport_introspection_c/dobot_msgs_v3/srv/detail/wait__type_support.c.o[0m
[39.196s] [ 57%] [32mBuilding CXX object CMakeFiles/dobot_msgs_v3__rosidl_typesupport_introspection_cpp.dir/rosidl_typesupport_introspection_cpp/dobot_msgs_v3/srv/detail/positive_solution__type_support.cpp.o[0m
[39.275s] [ 57%] [32mBuilding CXX object CMakeFiles/dobot_msgs_v3__rosidl_typesupport_fastrtps_cpp.dir/rosidl_typesupport_fastrtps_cpp/dobot_msgs_v3/srv/detail/dds_fastrtps/di__type_support.cpp.o[0m
[39.275s] [ 57%] [32mBuilding CXX object CMakeFiles/dobot_msgs_v3__rosidl_typesupport_fastrtps_c.dir/rosidl_typesupport_fastrtps_c/dobot_msgs_v3/srv/detail/do_group__type_support_c.cpp.o[0m
[39.340s] [ 57%] [32m[1mLinking C shared library libdobot_msgs_v3__rosidl_typesupport_introspection_c.so[0m
[39.487s] [ 57%] [32mBuilding CXX object CMakeFiles/dobot_msgs_v3__rosidl_typesupport_introspection_cpp.dir/rosidl_typesupport_introspection_cpp/dobot_msgs_v3/srv/detail/power_on__type_support.cpp.o[0m
[39.550s] [ 57%] [32mBuilding CXX object CMakeFiles/dobot_msgs_v3__rosidl_typesupport_introspection_cpp.dir/rosidl_typesupport_introspection_cpp/dobot_msgs_v3/srv/detail/rel_joint_mov_j__type_support.cpp.o[0m
[39.583s] [ 57%] Built target dobot_msgs_v3__rosidl_typesupport_introspection_c
[39.632s] [ 58%] [32mBuilding CXX object CMakeFiles/dobot_msgs_v3__rosidl_typesupport_fastrtps_c.dir/rosidl_typesupport_fastrtps_c/dobot_msgs_v3/srv/detail/emergency_stop__type_support_c.cpp.o[0m
[39.742s] [ 58%] [32mBuilding CXX object CMakeFiles/dobot_msgs_v3__rosidl_typesupport_introspection_cpp.dir/rosidl_typesupport_introspection_cpp/dobot_msgs_v3/srv/detail/rel_mov_j__type_support.cpp.o[0m
[39.767s] [ 58%] [32mBuilding CXX object CMakeFiles/dobot_msgs_v3__rosidl_typesupport_cpp.dir/rosidl_typesupport_cpp/dobot_msgs_v3/srv/rel_joint_mov_j__type_support.cpp.o[0m
[40.199s] [ 58%] [32mBuilding CXX object CMakeFiles/dobot_msgs_v3__rosidl_typesupport_cpp.dir/rosidl_typesupport_cpp/dobot_msgs_v3/srv/rel_mov_j__type_support.cpp.o[0m
[40.437s] [ 58%] [32mBuilding CXX object CMakeFiles/dobot_msgs_v3__rosidl_typesupport_fastrtps_c.dir/rosidl_typesupport_fastrtps_c/dobot_msgs_v3/srv/detail/enable_robot__type_support_c.cpp.o[0m
[40.666s] [ 59%] [32mBuilding CXX object CMakeFiles/dobot_msgs_v3__rosidl_typesupport_fastrtps_cpp.dir/rosidl_typesupport_fastrtps_cpp/dobot_msgs_v3/srv/detail/dds_fastrtps/digital_outputs__type_support.cpp.o[0m
[41.070s] [ 59%] [32mBuilding CXX object CMakeFiles/dobot_msgs_v3__rosidl_typesupport_cpp.dir/rosidl_typesupport_cpp/dobot_msgs_v3/srv/rel_mov_j_user__type_support.cpp.o[0m
[41.074s] [ 59%] [32mBuilding CXX object CMakeFiles/dobot_msgs_v3__rosidl_typesupport_introspection_cpp.dir/rosidl_typesupport_introspection_cpp/dobot_msgs_v3/srv/detail/rel_mov_j_user__type_support.cpp.o[0m
[41.095s] [ 59%] [32mBuilding CXX object CMakeFiles/dobot_msgs_v3__rosidl_typesupport_fastrtps_c.dir/rosidl_typesupport_fastrtps_c/dobot_msgs_v3/srv/detail/get_angle__type_support_c.cpp.o[0m
[41.121s] [ 59%] [32mBuilding CXX object CMakeFiles/dobot_msgs_v3__rosidl_typesupport_fastrtps_cpp.dir/rosidl_typesupport_fastrtps_cpp/dobot_msgs_v3/srv/detail/dds_fastrtps/disable_robot__type_support.cpp.o[0m
[41.211s] [ 60%] [32mBuilding CXX object CMakeFiles/dobot_msgs_v3__rosidl_typesupport_introspection_cpp.dir/rosidl_typesupport_introspection_cpp/dobot_msgs_v3/srv/detail/rel_mov_j_tool__type_support.cpp.o[0m
[41.212s] [ 60%] [32mBuilding CXX object CMakeFiles/dobot_msgs_v3__rosidl_typesupport_fastrtps_cpp.dir/rosidl_typesupport_fastrtps_cpp/dobot_msgs_v3/srv/detail/dds_fastrtps/do__type_support.cpp.o[0m
[41.320s] [ 61%] [32mBuilding CXX object CMakeFiles/dobot_msgs_v3__rosidl_typesupport_cpp.dir/rosidl_typesupport_cpp/dobot_msgs_v3/srv/rel_mov_j_tool__type_support.cpp.o[0m
[41.434s] [ 61%] [32mBuilding CXX object CMakeFiles/dobot_msgs_v3__rosidl_typesupport_fastrtps_c.dir/rosidl_typesupport_fastrtps_c/dobot_msgs_v3/srv/detail/get_coils__type_support_c.cpp.o[0m
[41.534s] [ 61%] [32mBuilding CXX object CMakeFiles/dobot_msgs_v3__rosidl_typesupport_fastrtps_cpp.dir/rosidl_typesupport_fastrtps_cpp/dobot_msgs_v3/srv/detail/dds_fastrtps/do_execute__type_support.cpp.o[0m
[41.689s] [ 61%] [32mBuilding CXX object CMakeFiles/dobot_msgs_v3__rosidl_typesupport_fastrtps_cpp.dir/rosidl_typesupport_fastrtps_cpp/dobot_msgs_v3/srv/detail/dds_fastrtps/do_group__type_support.cpp.o[0m
[41.923s] [ 61%] [32mBuilding CXX object CMakeFiles/dobot_msgs_v3__rosidl_typesupport_introspection_cpp.dir/rosidl_typesupport_introspection_cpp/dobot_msgs_v3/srv/detail/rel_mov_l__type_support.cpp.o[0m
[42.023s] [ 61%] [32mBuilding CXX object CMakeFiles/dobot_msgs_v3__rosidl_typesupport_fastrtps_cpp.dir/rosidl_typesupport_fastrtps_cpp/dobot_msgs_v3/srv/detail/dds_fastrtps/emergency_stop__type_support.cpp.o[0m
[42.142s] [ 61%] [32mBuilding CXX object CMakeFiles/dobot_msgs_v3__rosidl_typesupport_fastrtps_c.dir/rosidl_typesupport_fastrtps_c/dobot_msgs_v3/srv/detail/get_error_id__type_support_c.cpp.o[0m
[42.202s] [ 61%] [32mBuilding CXX object CMakeFiles/dobot_msgs_v3__rosidl_typesupport_introspection_cpp.dir/rosidl_typesupport_introspection_cpp/dobot_msgs_v3/srv/detail/rel_mov_l_user__type_support.cpp.o[0m
[42.389s] [ 61%] [32mBuilding CXX object CMakeFiles/dobot_msgs_v3__rosidl_typesupport_cpp.dir/rosidl_typesupport_cpp/dobot_msgs_v3/srv/rel_mov_l__type_support.cpp.o[0m
[42.451s] [ 61%] [32mBuilding CXX object CMakeFiles/dobot_msgs_v3__rosidl_typesupport_introspection_cpp.dir/rosidl_typesupport_introspection_cpp/dobot_msgs_v3/srv/detail/rel_mov_l_tool__type_support.cpp.o[0m
[42.573s] [ 61%] [32mBuilding CXX object CMakeFiles/dobot_msgs_v3__rosidl_typesupport_fastrtps_cpp.dir/rosidl_typesupport_fastrtps_cpp/dobot_msgs_v3/srv/detail/dds_fastrtps/enable_robot__type_support.cpp.o[0m
[42.766s] [ 62%] [32mBuilding CXX object CMakeFiles/dobot_msgs_v3__rosidl_typesupport_fastrtps_cpp.dir/rosidl_typesupport_fastrtps_cpp/dobot_msgs_v3/srv/detail/dds_fastrtps/get_angle__type_support.cpp.o[0m
[42.849s] [ 62%] [32mBuilding CXX object CMakeFiles/dobot_msgs_v3__rosidl_typesupport_fastrtps_cpp.dir/rosidl_typesupport_fastrtps_cpp/dobot_msgs_v3/srv/detail/dds_fastrtps/get_coils__type_support.cpp.o[0m
[42.877s] [ 62%] [32mBuilding CXX object CMakeFiles/dobot_msgs_v3__rosidl_typesupport_introspection_cpp.dir/rosidl_typesupport_introspection_cpp/dobot_msgs_v3/srv/detail/reset_robot__type_support.cpp.o[0m
[43.149s] [ 62%] [32mBuilding CXX object CMakeFiles/dobot_msgs_v3__rosidl_typesupport_introspection_cpp.dir/rosidl_typesupport_introspection_cpp/dobot_msgs_v3/srv/detail/robot_mode__type_support.cpp.o[0m
[43.164s] [ 62%] [32mBuilding CXX object CMakeFiles/dobot_msgs_v3__rosidl_typesupport_fastrtps_cpp.dir/rosidl_typesupport_fastrtps_cpp/dobot_msgs_v3/srv/detail/dds_fastrtps/get_error_id__type_support.cpp.o[0m
[43.295s] [ 62%] [32mBuilding CXX object CMakeFiles/dobot_msgs_v3__rosidl_typesupport_cpp.dir/rosidl_typesupport_cpp/dobot_msgs_v3/srv/rel_mov_l_user__type_support.cpp.o[0m
[43.374s] [ 62%] [32mBuilding CXX object CMakeFiles/dobot_msgs_v3__rosidl_typesupport_cpp.dir/rosidl_typesupport_cpp/dobot_msgs_v3/srv/rel_mov_l_tool__type_support.cpp.o[0m
[43.612s] [ 62%] [32mBuilding CXX object CMakeFiles/dobot_msgs_v3__rosidl_typesupport_fastrtps_c.dir/rosidl_typesupport_fastrtps_c/dobot_msgs_v3/srv/detail/get_hold_regs__type_support_c.cpp.o[0m
[43.678s] [ 62%] [32mBuilding CXX object CMakeFiles/dobot_msgs_v3__rosidl_typesupport_cpp.dir/rosidl_typesupport_cpp/dobot_msgs_v3/srv/reset_robot__type_support.cpp.o[0m
[43.748s] [ 62%] [32mBuilding CXX object CMakeFiles/dobot_msgs_v3__rosidl_typesupport_cpp.dir/rosidl_typesupport_cpp/dobot_msgs_v3/srv/robot_mode__type_support.cpp.o[0m
[43.771s] [ 62%] [32mBuilding CXX object CMakeFiles/dobot_msgs_v3__rosidl_typesupport_introspection_cpp.dir/rosidl_typesupport_introspection_cpp/dobot_msgs_v3/srv/detail/run_script__type_support.cpp.o[0m
[44.049s] [ 62%] [32mBuilding CXX object CMakeFiles/dobot_msgs_v3__rosidl_typesupport_fastrtps_cpp.dir/rosidl_typesupport_fastrtps_cpp/dobot_msgs_v3/srv/detail/dds_fastrtps/get_hold_regs__type_support.cpp.o[0m
[44.059s] [ 62%] [32mBuilding CXX object CMakeFiles/dobot_msgs_v3__rosidl_typesupport_cpp.dir/rosidl_typesupport_cpp/dobot_msgs_v3/srv/run_script__type_support.cpp.o[0m
[44.071s] [ 63%] [32mBuilding CXX object CMakeFiles/dobot_msgs_v3__rosidl_typesupport_introspection_cpp.dir/rosidl_typesupport_introspection_cpp/dobot_msgs_v3/srv/detail/servo_j__type_support.cpp.o[0m
[44.255s] [ 63%] [32mBuilding CXX object CMakeFiles/dobot_msgs_v3__rosidl_typesupport_fastrtps_c.dir/rosidl_typesupport_fastrtps_c/dobot_msgs_v3/srv/detail/get_in_bits__type_support_c.cpp.o[0m
[44.301s] [ 63%] [32mBuilding CXX object CMakeFiles/dobot_msgs_v3__rosidl_typesupport_introspection_cpp.dir/rosidl_typesupport_introspection_cpp/dobot_msgs_v3/srv/detail/servo_p__type_support.cpp.o[0m
[44.310s] [ 64%] [32mBuilding CXX object CMakeFiles/dobot_msgs_v3__rosidl_typesupport_fastrtps_c.dir/rosidl_typesupport_fastrtps_c/dobot_msgs_v3/srv/detail/get_in_regs__type_support_c.cpp.o[0m
[44.404s] [ 64%] [32mBuilding CXX object CMakeFiles/dobot_msgs_v3__rosidl_typesupport_fastrtps_c.dir/rosidl_typesupport_fastrtps_c/dobot_msgs_v3/srv/detail/get_pose__type_support_c.cpp.o[0m
[44.413s] [ 64%] [32mBuilding CXX object CMakeFiles/dobot_msgs_v3__rosidl_typesupport_cpp.dir/rosidl_typesupport_cpp/dobot_msgs_v3/srv/set_arm_orientation__type_support.cpp.o[0m
[44.688s] [ 64%] [32mBuilding CXX object CMakeFiles/dobot_msgs_v3__rosidl_typesupport_cpp.dir/rosidl_typesupport_cpp/dobot_msgs_v3/srv/servo_p__type_support.cpp.o[0m
[44.801s] [ 65%] [32mBuilding CXX object CMakeFiles/dobot_msgs_v3__rosidl_typesupport_cpp.dir/rosidl_typesupport_cpp/dobot_msgs_v3/srv/servo_j__type_support.cpp.o[0m
[44.808s] [ 65%] [32mBuilding CXX object CMakeFiles/dobot_msgs_v3__rosidl_typesupport_fastrtps_c.dir/rosidl_typesupport_fastrtps_c/dobot_msgs_v3/srv/detail/joint_mov_j__type_support_c.cpp.o[0m
[44.854s] [ 65%] [32mBuilding CXX object CMakeFiles/dobot_msgs_v3__rosidl_typesupport_introspection_cpp.dir/rosidl_typesupport_introspection_cpp/dobot_msgs_v3/srv/detail/set_arm_orientation__type_support.cpp.o[0m
[44.942s] [ 65%] [32mBuilding CXX object CMakeFiles/dobot_msgs_v3__rosidl_typesupport_introspection_cpp.dir/rosidl_typesupport_introspection_cpp/dobot_msgs_v3/srv/detail/set_coils__type_support.cpp.o[0m
[45.084s] [ 65%] [32mBuilding CXX object CMakeFiles/dobot_msgs_v3__rosidl_typesupport_fastrtps_cpp.dir/rosidl_typesupport_fastrtps_cpp/dobot_msgs_v3/srv/detail/dds_fastrtps/get_in_bits__type_support.cpp.o[0m
[45.084s] [ 65%] [32mBuilding CXX object CMakeFiles/dobot_msgs_v3__rosidl_typesupport_cpp.dir/rosidl_typesupport_cpp/dobot_msgs_v3/srv/set_coils__type_support.cpp.o[0m
[45.085s] [ 65%] [32mBuilding CXX object CMakeFiles/dobot_msgs_v3__rosidl_typesupport_fastrtps_c.dir/rosidl_typesupport_fastrtps_c/dobot_msgs_v3/srv/detail/inverse_solution__type_support_c.cpp.o[0m
[45.098s] [ 65%] [32mBuilding CXX object CMakeFiles/dobot_msgs_v3__rosidl_typesupport_fastrtps_cpp.dir/rosidl_typesupport_fastrtps_cpp/dobot_msgs_v3/srv/detail/dds_fastrtps/get_in_regs__type_support.cpp.o[0m
[45.360s] [ 65%] [32mBuilding CXX object CMakeFiles/dobot_msgs_v3__rosidl_typesupport_cpp.dir/rosidl_typesupport_cpp/dobot_msgs_v3/srv/set_collision_level__type_support.cpp.o[0m
[45.462s] [ 65%] [32mBuilding CXX object CMakeFiles/dobot_msgs_v3__rosidl_typesupport_fastrtps_c.dir/rosidl_typesupport_fastrtps_c/dobot_msgs_v3/srv/detail/jump__type_support_c.cpp.o[0m
[45.468s] [ 65%] [32mBuilding CXX object CMakeFiles/dobot_msgs_v3__rosidl_typesupport_cpp.dir/rosidl_typesupport_cpp/dobot_msgs_v3/srv/set_hold_regs__type_support.cpp.o[0m
[45.598s] [ 65%] [32mBuilding CXX object CMakeFiles/dobot_msgs_v3__rosidl_typesupport_cpp.dir/rosidl_typesupport_cpp/dobot_msgs_v3/srv/set_obstacle_avoid__type_support.cpp.o[0m
[45.639s] [ 65%] [32mBuilding CXX object CMakeFiles/dobot_msgs_v3__rosidl_typesupport_fastrtps_c.dir/rosidl_typesupport_fastrtps_c/dobot_msgs_v3/srv/detail/lim_z__type_support_c.cpp.o[0m
[45.756s] [ 66%] [32mBuilding CXX object CMakeFiles/dobot_msgs_v3__rosidl_typesupport_fastrtps_cpp.dir/rosidl_typesupport_fastrtps_cpp/dobot_msgs_v3/srv/detail/dds_fastrtps/inverse_solution__type_support.cpp.o[0m
[46.083s] [ 66%] [32mBuilding CXX object CMakeFiles/dobot_msgs_v3__rosidl_typesupport_fastrtps_c.dir/rosidl_typesupport_fastrtps_c/dobot_msgs_v3/srv/detail/load_switch__type_support_c.cpp.o[0m
[46.096s] [ 66%] [32mBuilding CXX object CMakeFiles/dobot_msgs_v3__rosidl_typesupport_introspection_cpp.dir/rosidl_typesupport_introspection_cpp/dobot_msgs_v3/srv/detail/set_collision_level__type_support.cpp.o[0m
[46.097s] [ 67%] [32mBuilding CXX object CMakeFiles/dobot_msgs_v3__rosidl_typesupport_cpp.dir/rosidl_typesupport_cpp/dobot_msgs_v3/srv/set_payload__type_support.cpp.o[0m
[46.128s] [ 67%] [32mBuilding CXX object CMakeFiles/dobot_msgs_v3__rosidl_typesupport_fastrtps_cpp.dir/rosidl_typesupport_fastrtps_cpp/dobot_msgs_v3/srv/detail/dds_fastrtps/lim_z__type_support.cpp.o[0m
[46.162s] [ 67%] [32mBuilding CXX object CMakeFiles/dobot_msgs_v3__rosidl_typesupport_introspection_cpp.dir/rosidl_typesupport_introspection_cpp/dobot_msgs_v3/srv/detail/set_hold_regs__type_support.cpp.o[0m
[46.187s] [ 67%] [32mBuilding CXX object CMakeFiles/dobot_msgs_v3__rosidl_typesupport_fastrtps_cpp.dir/rosidl_typesupport_fastrtps_cpp/dobot_msgs_v3/srv/detail/dds_fastrtps/jump__type_support.cpp.o[0m
[46.235s] [ 68%] [32mBuilding CXX object CMakeFiles/dobot_msgs_v3__rosidl_typesupport_fastrtps_c.dir/rosidl_typesupport_fastrtps_c/dobot_msgs_v3/srv/detail/modbus_close__type_support_c.cpp.o[0m
[46.415s] [ 68%] [32mBuilding CXX object CMakeFiles/dobot_msgs_v3__rosidl_typesupport_fastrtps_c.dir/rosidl_typesupport_fastrtps_c/dobot_msgs_v3/srv/detail/modbus_create__type_support_c.cpp.o[0m
[46.625s] [ 68%] [32mBuilding CXX object CMakeFiles/dobot_msgs_v3__rosidl_typesupport_fastrtps_cpp.dir/rosidl_typesupport_fastrtps_cpp/dobot_msgs_v3/srv/detail/dds_fastrtps/joint_mov_j__type_support.cpp.o[0m
[46.627s] [ 68%] [32mBuilding CXX object CMakeFiles/dobot_msgs_v3__rosidl_typesupport_fastrtps_c.dir/rosidl_typesupport_fastrtps_c/dobot_msgs_v3/srv/detail/move_jog__type_support_c.cpp.o[0m
[46.642s] [ 68%] [32mBuilding CXX object CMakeFiles/dobot_msgs_v3__rosidl_typesupport_cpp.dir/rosidl_typesupport_cpp/dobot_msgs_v3/srv/set_safe_skin__type_support.cpp.o[0m
[46.721s] [ 68%] [32mBuilding CXX object CMakeFiles/dobot_msgs_v3__rosidl_typesupport_introspection_cpp.dir/rosidl_typesupport_introspection_cpp/dobot_msgs_v3/srv/detail/set_obstacle_avoid__type_support.cpp.o[0m
[46.787s] [ 68%] [32mBuilding CXX object CMakeFiles/dobot_msgs_v3__rosidl_typesupport_cpp.dir/rosidl_typesupport_cpp/dobot_msgs_v3/srv/speed_factor__type_support.cpp.o[0m
[46.806s] [ 68%] [32mBuilding CXX object CMakeFiles/dobot_msgs_v3__rosidl_typesupport_cpp.dir/rosidl_typesupport_cpp/dobot_msgs_v3/srv/speed_j__type_support.cpp.o[0m
[46.881s] [ 68%] [32mBuilding CXX object CMakeFiles/dobot_msgs_v3__rosidl_typesupport_fastrtps_cpp.dir/rosidl_typesupport_fastrtps_cpp/dobot_msgs_v3/srv/detail/dds_fastrtps/get_pose__type_support.cpp.o[0m
[46.932s] [ 69%] [32mBuilding CXX object CMakeFiles/dobot_msgs_v3__rosidl_typesupport_introspection_cpp.dir/rosidl_typesupport_introspection_cpp/dobot_msgs_v3/srv/detail/set_payload__type_support.cpp.o[0m
[46.964s] [ 69%] [32mBuilding CXX object CMakeFiles/dobot_msgs_v3__rosidl_typesupport_introspection_cpp.dir/rosidl_typesupport_introspection_cpp/dobot_msgs_v3/srv/detail/set_safe_skin__type_support.cpp.o[0m
[47.214s] [ 69%] [32mBuilding CXX object CMakeFiles/dobot_msgs_v3__rosidl_typesupport_cpp.dir/rosidl_typesupport_cpp/dobot_msgs_v3/srv/start_drag__type_support.cpp.o[0m
[47.218s] [ 69%] [32mBuilding CXX object CMakeFiles/dobot_msgs_v3__rosidl_typesupport_cpp.dir/rosidl_typesupport_cpp/dobot_msgs_v3/srv/speed_l__type_support.cpp.o[0m
[47.309s] [ 69%] [32mBuilding CXX object CMakeFiles/dobot_msgs_v3__rosidl_typesupport_fastrtps_c.dir/rosidl_typesupport_fastrtps_c/dobot_msgs_v3/srv/detail/mov_j__type_support_c.cpp.o[0m
[47.325s] [ 69%] [32mBuilding CXX object CMakeFiles/dobot_msgs_v3__rosidl_typesupport_introspection_cpp.dir/rosidl_typesupport_introspection_cpp/dobot_msgs_v3/srv/detail/speed_j__type_support.cpp.o[0m
[47.402s] [ 69%] [32mBuilding CXX object CMakeFiles/dobot_msgs_v3__rosidl_typesupport_cpp.dir/rosidl_typesupport_cpp/dobot_msgs_v3/srv/start_fc_trace__type_support.cpp.o[0m
[47.403s] [ 69%] [32mBuilding CXX object CMakeFiles/dobot_msgs_v3__rosidl_typesupport_fastrtps_cpp.dir/rosidl_typesupport_fastrtps_cpp/dobot_msgs_v3/srv/detail/dds_fastrtps/load_switch__type_support.cpp.o[0m
[47.756s] [ 69%] [32mBuilding CXX object CMakeFiles/dobot_msgs_v3__rosidl_typesupport_introspection_cpp.dir/rosidl_typesupport_introspection_cpp/dobot_msgs_v3/srv/detail/start_fc_trace__type_support.cpp.o[0m
[47.825s] [ 70%] [32mBuilding CXX object CMakeFiles/dobot_msgs_v3__rosidl_typesupport_cpp.dir/rosidl_typesupport_cpp/dobot_msgs_v3/srv/start_path__type_support.cpp.o[0m
[47.845s] [ 70%] [32mBuilding CXX object CMakeFiles/dobot_msgs_v3__rosidl_typesupport_cpp.dir/rosidl_typesupport_cpp/dobot_msgs_v3/srv/start_trace__type_support.cpp.o[0m
[47.845s] [ 70%] [32mBuilding CXX object CMakeFiles/dobot_msgs_v3__rosidl_typesupport_introspection_cpp.dir/rosidl_typesupport_introspection_cpp/dobot_msgs_v3/srv/detail/start_drag__type_support.cpp.o[0m
[47.870s] [ 70%] [32mBuilding CXX object CMakeFiles/dobot_msgs_v3__rosidl_typesupport_introspection_cpp.dir/rosidl_typesupport_introspection_cpp/dobot_msgs_v3/srv/detail/speed_l__type_support.cpp.o[0m
[47.876s] [ 70%] [32mBuilding CXX object CMakeFiles/dobot_msgs_v3__rosidl_typesupport_fastrtps_cpp.dir/rosidl_typesupport_fastrtps_cpp/dobot_msgs_v3/srv/detail/dds_fastrtps/modbus_close__type_support.cpp.o[0m
[47.881s] [ 70%] [32mBuilding CXX object CMakeFiles/dobot_msgs_v3__rosidl_typesupport_fastrtps_c.dir/rosidl_typesupport_fastrtps_c/dobot_msgs_v3/srv/detail/mov_j_ext__type_support_c.cpp.o[0m
[47.989s] [ 70%] [32mBuilding CXX object CMakeFiles/dobot_msgs_v3__rosidl_typesupport_fastrtps_c.dir/rosidl_typesupport_fastrtps_c/dobot_msgs_v3/srv/detail/mov_jio__type_support_c.cpp.o[0m
[48.106s] [ 70%] [32mBuilding CXX object CMakeFiles/dobot_msgs_v3__rosidl_typesupport_fastrtps_cpp.dir/rosidl_typesupport_fastrtps_cpp/dobot_msgs_v3/srv/detail/dds_fastrtps/modbus_create__type_support.cpp.o[0m
[48.109s] [ 70%] [32mBuilding CXX object CMakeFiles/dobot_msgs_v3__rosidl_typesupport_introspection_cpp.dir/rosidl_typesupport_introspection_cpp/dobot_msgs_v3/srv/detail/speed_factor__type_support.cpp.o[0m
[48.396s] [ 71%] [32mBuilding CXX object CMakeFiles/dobot_msgs_v3__rosidl_typesupport_fastrtps_cpp.dir/rosidl_typesupport_fastrtps_cpp/dobot_msgs_v3/srv/detail/dds_fastrtps/move_jog__type_support.cpp.o[0m
[48.520s] [ 71%] [32mBuilding CXX object CMakeFiles/dobot_msgs_v3__rosidl_typesupport_fastrtps_c.dir/rosidl_typesupport_fastrtps_c/dobot_msgs_v3/srv/detail/mov_l__type_support_c.cpp.o[0m
[48.623s] [ 71%] [32mBuilding CXX object CMakeFiles/dobot_msgs_v3__rosidl_typesupport_introspection_cpp.dir/rosidl_typesupport_introspection_cpp/dobot_msgs_v3/srv/detail/start_trace__type_support.cpp.o[0m
[48.696s] [ 71%] [32mBuilding CXX object CMakeFiles/dobot_msgs_v3__rosidl_typesupport_cpp.dir/rosidl_typesupport_cpp/dobot_msgs_v3/srv/stop_drag__type_support.cpp.o[0m
[49.242s] [ 71%] [32mBuilding CXX object CMakeFiles/dobot_msgs_v3__rosidl_typesupport_fastrtps_cpp.dir/rosidl_typesupport_fastrtps_cpp/dobot_msgs_v3/srv/detail/dds_fastrtps/mov_jio__type_support.cpp.o[0m
[49.254s] [ 72%] [32mBuilding CXX object CMakeFiles/dobot_msgs_v3__rosidl_typesupport_fastrtps_c.dir/rosidl_typesupport_fastrtps_c/dobot_msgs_v3/srv/detail/mov_lio__type_support_c.cpp.o[0m
[49.265s] [ 72%] [32mBuilding CXX object CMakeFiles/dobot_msgs_v3__rosidl_typesupport_introspection_cpp.dir/rosidl_typesupport_introspection_cpp/dobot_msgs_v3/srv/detail/stop_drag__type_support.cpp.o[0m
[49.273s] [ 72%] [32mBuilding CXX object CMakeFiles/dobot_msgs_v3__rosidl_typesupport_cpp.dir/rosidl_typesupport_cpp/dobot_msgs_v3/srv/sync_all__type_support.cpp.o[0m
[49.629s] [ 72%] [32mBuilding CXX object CMakeFiles/dobot_msgs_v3__rosidl_typesupport_cpp.dir/rosidl_typesupport_cpp/dobot_msgs_v3/srv/sync__type_support.cpp.o[0m
[49.766s] [ 72%] [32mBuilding CXX object CMakeFiles/dobot_msgs_v3__rosidl_typesupport_introspection_cpp.dir/rosidl_typesupport_introspection_cpp/dobot_msgs_v3/srv/detail/stopmove_jog__type_support.cpp.o[0m
[49.896s] [ 73%] [32mBuilding CXX object CMakeFiles/dobot_msgs_v3__rosidl_typesupport_cpp.dir/rosidl_typesupport_cpp/dobot_msgs_v3/srv/tool__type_support.cpp.o[0m
[49.910s] [ 73%] [32mBuilding CXX object CMakeFiles/dobot_msgs_v3__rosidl_typesupport_fastrtps_c.dir/rosidl_typesupport_fastrtps_c/dobot_msgs_v3/srv/detail/pause_script__type_support_c.cpp.o[0m
[49.945s] [ 73%] [32mBuilding CXX object CMakeFiles/dobot_msgs_v3__rosidl_typesupport_fastrtps_cpp.dir/rosidl_typesupport_fastrtps_cpp/dobot_msgs_v3/srv/detail/dds_fastrtps/mov_lio__type_support.cpp.o[0m
[50.178s] [ 73%] [32mBuilding CXX object CMakeFiles/dobot_msgs_v3__rosidl_typesupport_introspection_cpp.dir/rosidl_typesupport_introspection_cpp/dobot_msgs_v3/srv/detail/stop_script__type_support.cpp.o[0m
[50.375s] [ 73%] [32mBuilding CXX object CMakeFiles/dobot_msgs_v3__rosidl_typesupport_cpp.dir/rosidl_typesupport_cpp/dobot_msgs_v3/srv/tool_di__type_support.cpp.o[0m
[50.409s] [ 73%] [32mBuilding CXX object CMakeFiles/dobot_msgs_v3__rosidl_typesupport_fastrtps_c.dir/rosidl_typesupport_fastrtps_c/dobot_msgs_v3/srv/detail/pause__type_support_c.cpp.o[0m
[50.472s] [ 73%] [32mBuilding CXX object CMakeFiles/dobot_msgs_v3__rosidl_typesupport_fastrtps_cpp.dir/rosidl_typesupport_fastrtps_cpp/dobot_msgs_v3/srv/detail/dds_fastrtps/pause__type_support.cpp.o[0m
[50.770s] [ 73%] [32mBuilding CXX object CMakeFiles/dobot_msgs_v3__rosidl_typesupport_cpp.dir/rosidl_typesupport_cpp/dobot_msgs_v3/srv/stop_script__type_support.cpp.o[0m
[50.901s] [ 73%] [32mBuilding CXX object CMakeFiles/dobot_msgs_v3__rosidl_typesupport_introspection_cpp.dir/rosidl_typesupport_introspection_cpp/dobot_msgs_v3/srv/detail/sync_all__type_support.cpp.o[0m
[51.074s] [ 73%] [32mBuilding CXX object CMakeFiles/dobot_msgs_v3__rosidl_typesupport_fastrtps_c.dir/rosidl_typesupport_fastrtps_c/dobot_msgs_v3/srv/detail/pay_load__type_support_c.cpp.o[0m
[51.134s] [ 73%] [32mBuilding CXX object CMakeFiles/dobot_msgs_v3__rosidl_typesupport_cpp.dir/rosidl_typesupport_cpp/dobot_msgs_v3/srv/tool_do_execute__type_support.cpp.o[0m
[51.232s] [ 73%] [32mBuilding CXX object CMakeFiles/dobot_msgs_v3__rosidl_typesupport_fastrtps_cpp.dir/rosidl_typesupport_fastrtps_cpp/dobot_msgs_v3/srv/detail/dds_fastrtps/mov_l__type_support.cpp.o[0m
[51.343s] [ 73%] [32mBuilding CXX object CMakeFiles/dobot_msgs_v3__rosidl_typesupport_introspection_cpp.dir/rosidl_typesupport_introspection_cpp/dobot_msgs_v3/srv/detail/sync__type_support.cpp.o[0m
[51.504s] [ 73%] [32mBuilding CXX object CMakeFiles/dobot_msgs_v3__rosidl_typesupport_fastrtps_c.dir/rosidl_typesupport_fastrtps_c/dobot_msgs_v3/srv/detail/positive_solution__type_support_c.cpp.o[0m
[51.619s] [ 73%] [32mBuilding CXX object CMakeFiles/dobot_msgs_v3__rosidl_typesupport_cpp.dir/rosidl_typesupport_cpp/dobot_msgs_v3/srv/wait__type_support.cpp.o[0m
[51.776s] [ 74%] [32mBuilding CXX object CMakeFiles/dobot_msgs_v3__rosidl_typesupport_introspection_cpp.dir/rosidl_typesupport_introspection_cpp/dobot_msgs_v3/srv/detail/start_path__type_support.cpp.o[0m
[51.776s] [ 74%] [32mBuilding CXX object CMakeFiles/dobot_msgs_v3__rosidl_typesupport_fastrtps_cpp.dir/rosidl_typesupport_fastrtps_cpp/dobot_msgs_v3/srv/detail/dds_fastrtps/pay_load__type_support.cpp.o[0m
[52.110s] [ 74%] [32mBuilding CXX object CMakeFiles/dobot_msgs_v3__rosidl_typesupport_cpp.dir/rosidl_typesupport_cpp/dobot_msgs_v3/srv/user__type_support.cpp.o[0m
[52.150s] [ 74%] [32mBuilding CXX object CMakeFiles/dobot_msgs_v3__rosidl_typesupport_fastrtps_c.dir/rosidl_typesupport_fastrtps_c/dobot_msgs_v3/srv/detail/rel_joint_mov_j__type_support_c.cpp.o[0m
[52.308s] [ 74%] [32mBuilding CXX object CMakeFiles/dobot_msgs_v3__rosidl_typesupport_fastrtps_cpp.dir/rosidl_typesupport_fastrtps_cpp/dobot_msgs_v3/srv/detail/dds_fastrtps/positive_solution__type_support.cpp.o[0m
[52.510s] [ 75%] [32mBuilding CXX object CMakeFiles/dobot_msgs_v3__rosidl_typesupport_introspection_cpp.dir/rosidl_typesupport_introspection_cpp/dobot_msgs_v3/srv/detail/tool__type_support.cpp.o[0m
[52.614s] [ 75%] [32mBuilding CXX object CMakeFiles/dobot_msgs_v3__rosidl_typesupport_fastrtps_c.dir/rosidl_typesupport_fastrtps_c/dobot_msgs_v3/srv/detail/rel_mov_j_user__type_support_c.cpp.o[0m
[52.616s] [ 75%] [32mBuilding CXX object CMakeFiles/dobot_msgs_v3__rosidl_typesupport_cpp.dir/rosidl_typesupport_cpp/dobot_msgs_v3/srv/tool_do__type_support.cpp.o[0m
[52.877s] [ 75%] [32mBuilding CXX object CMakeFiles/dobot_msgs_v3__rosidl_typesupport_cpp.dir/rosidl_typesupport_cpp/dobot_msgs_v3/srv/stopmove_jog__type_support.cpp.o[0m
[52.979s] [ 75%] [32mBuilding CXX object CMakeFiles/dobot_msgs_v3__rosidl_typesupport_fastrtps_c.dir/rosidl_typesupport_fastrtps_c/dobot_msgs_v3/srv/detail/rel_mov_j_tool__type_support_c.cpp.o[0m
[53.051s] [ 75%] [32mBuilding CXX object CMakeFiles/dobot_msgs_v3__rosidl_typesupport_fastrtps_cpp.dir/rosidl_typesupport_fastrtps_cpp/dobot_msgs_v3/srv/detail/dds_fastrtps/power_on__type_support.cpp.o[0m
[53.122s] [ 75%] [32mBuilding CXX object CMakeFiles/dobot_msgs_v3__rosidl_typesupport_introspection_cpp.dir/rosidl_typesupport_introspection_cpp/dobot_msgs_v3/srv/detail/tool_do__type_support.cpp.o[0m
[53.337s] [ 75%] [32m[1mLinking CXX shared library libdobot_msgs_v3__rosidl_typesupport_cpp.so[0m
[53.341s] [ 75%] [32mBuilding CXX object CMakeFiles/dobot_msgs_v3__rosidl_typesupport_fastrtps_c.dir/rosidl_typesupport_fastrtps_c/dobot_msgs_v3/srv/detail/rel_mov_l__type_support_c.cpp.o[0m
[53.433s] [ 75%] Built target dobot_msgs_v3__rosidl_typesupport_cpp
[53.561s] [ 75%] [32mBuilding CXX object CMakeFiles/dobot_msgs_v3__rosidl_typesupport_fastrtps_cpp.dir/rosidl_typesupport_fastrtps_cpp/dobot_msgs_v3/srv/detail/dds_fastrtps/rel_joint_mov_j__type_support.cpp.o[0m
[53.581s] [ 75%] [32mBuilding CXX object CMakeFiles/dobot_msgs_v3__rosidl_typesupport_introspection_cpp.dir/rosidl_typesupport_introspection_cpp/dobot_msgs_v3/srv/detail/user__type_support.cpp.o[0m
[53.848s] [ 75%] [32mBuilding CXX object CMakeFiles/dobot_msgs_v3__rosidl_typesupport_introspection_cpp.dir/rosidl_typesupport_introspection_cpp/dobot_msgs_v3/srv/detail/wait__type_support.cpp.o[0m
[53.854s] [ 76%] [32mBuilding CXX object CMakeFiles/dobot_msgs_v3__rosidl_typesupport_fastrtps_c.dir/rosidl_typesupport_fastrtps_c/dobot_msgs_v3/srv/detail/rel_mov_l_user__type_support_c.cpp.o[0m
[53.854s] [ 76%] [32mBuilding CXX object CMakeFiles/dobot_msgs_v3__rosidl_typesupport_fastrtps_c.dir/rosidl_typesupport_fastrtps_c/dobot_msgs_v3/srv/detail/rel_mov_j__type_support_c.cpp.o[0m
[54.108s] [ 76%] [32mBuilding CXX object CMakeFiles/dobot_msgs_v3__rosidl_typesupport_introspection_cpp.dir/rosidl_typesupport_introspection_cpp/dobot_msgs_v3/srv/detail/tool_do_execute__type_support.cpp.o[0m
[54.175s] [ 76%] [32mBuilding CXX object CMakeFiles/dobot_msgs_v3__rosidl_typesupport_introspection_cpp.dir/rosidl_typesupport_introspection_cpp/dobot_msgs_v3/srv/detail/tool_di__type_support.cpp.o[0m
[54.175s] [ 76%] [32mBuilding CXX object CMakeFiles/dobot_msgs_v3__rosidl_typesupport_fastrtps_cpp.dir/rosidl_typesupport_fastrtps_cpp/dobot_msgs_v3/srv/detail/dds_fastrtps/rel_mov_j_user__type_support.cpp.o[0m
[54.233s] [ 76%] [32mBuilding CXX object CMakeFiles/dobot_msgs_v3__rosidl_typesupport_fastrtps_cpp.dir/rosidl_typesupport_fastrtps_cpp/dobot_msgs_v3/srv/detail/dds_fastrtps/rel_mov_j__type_support.cpp.o[0m
[54.378s] [ 76%] [32mBuilding CXX object CMakeFiles/dobot_msgs_v3__rosidl_typesupport_fastrtps_c.dir/rosidl_typesupport_fastrtps_c/dobot_msgs_v3/srv/detail/reset_robot__type_support_c.cpp.o[0m
[54.473s] [ 76%] [32mBuilding CXX object CMakeFiles/dobot_msgs_v3__rosidl_typesupport_fastrtps_c.dir/rosidl_typesupport_fastrtps_c/dobot_msgs_v3/srv/detail/rel_mov_l_tool__type_support_c.cpp.o[0m
[54.762s] [ 77%] [32m[1mLinking CXX shared library libdobot_msgs_v3__rosidl_typesupport_introspection_cpp.so[0m
[54.823s] [ 77%] [32mBuilding CXX object CMakeFiles/dobot_msgs_v3__rosidl_typesupport_fastrtps_c.dir/rosidl_typesupport_fastrtps_c/dobot_msgs_v3/srv/detail/power_on__type_support_c.cpp.o[0m
[54.826s] [ 77%] [32mBuilding CXX object CMakeFiles/dobot_msgs_v3__rosidl_typesupport_fastrtps_cpp.dir/rosidl_typesupport_fastrtps_cpp/dobot_msgs_v3/srv/detail/dds_fastrtps/rel_mov_l_tool__type_support.cpp.o[0m
[54.964s] [ 78%] [32mBuilding CXX object CMakeFiles/dobot_msgs_v3__rosidl_typesupport_fastrtps_cpp.dir/rosidl_typesupport_fastrtps_cpp/dobot_msgs_v3/srv/detail/dds_fastrtps/rel_mov_l_user__type_support.cpp.o[0m
[54.964s] [ 78%] [32mBuilding CXX object CMakeFiles/dobot_msgs_v3__rosidl_typesupport_fastrtps_c.dir/rosidl_typesupport_fastrtps_c/dobot_msgs_v3/srv/detail/robot_mode__type_support_c.cpp.o[0m
[54.987s] [ 78%] [32mBuilding CXX object CMakeFiles/dobot_msgs_v3__rosidl_typesupport_fastrtps_cpp.dir/rosidl_typesupport_fastrtps_cpp/dobot_msgs_v3/srv/detail/dds_fastrtps/rel_mov_l__type_support.cpp.o[0m
[54.989s] [ 78%] Built target dobot_msgs_v3__rosidl_typesupport_introspection_cpp
[55.142s] [ 78%] [32mBuilding CXX object CMakeFiles/dobot_msgs_v3__rosidl_typesupport_fastrtps_c.dir/rosidl_typesupport_fastrtps_c/dobot_msgs_v3/srv/detail/run_script__type_support_c.cpp.o[0m
[55.209s] [ 78%] [32mBuilding CXX object CMakeFiles/dobot_msgs_v3__rosidl_typesupport_fastrtps_c.dir/rosidl_typesupport_fastrtps_c/dobot_msgs_v3/srv/detail/servo_j__type_support_c.cpp.o[0m
[55.527s] [ 78%] [32mBuilding CXX object CMakeFiles/dobot_msgs_v3__rosidl_typesupport_fastrtps_cpp.dir/rosidl_typesupport_fastrtps_cpp/dobot_msgs_v3/srv/detail/dds_fastrtps/robot_mode__type_support.cpp.o[0m
[55.628s] [ 78%] [32mBuilding CXX object CMakeFiles/dobot_msgs_v3__rosidl_typesupport_fastrtps_c.dir/rosidl_typesupport_fastrtps_c/dobot_msgs_v3/srv/detail/servo_p__type_support_c.cpp.o[0m
[55.697s] [ 78%] [32mBuilding CXX object CMakeFiles/dobot_msgs_v3__rosidl_typesupport_fastrtps_cpp.dir/rosidl_typesupport_fastrtps_cpp/dobot_msgs_v3/srv/detail/dds_fastrtps/run_script__type_support.cpp.o[0m
[55.755s] [ 79%] [32mBuilding CXX object CMakeFiles/dobot_msgs_v3__rosidl_typesupport_fastrtps_cpp.dir/rosidl_typesupport_fastrtps_cpp/dobot_msgs_v3/srv/detail/dds_fastrtps/rel_mov_j_tool__type_support.cpp.o[0m
[55.756s] [ 79%] [32mBuilding CXX object CMakeFiles/dobot_msgs_v3__rosidl_typesupport_fastrtps_cpp.dir/rosidl_typesupport_fastrtps_cpp/dobot_msgs_v3/srv/detail/dds_fastrtps/reset_robot__type_support.cpp.o[0m
[55.761s] [ 79%] [32mBuilding CXX object CMakeFiles/dobot_msgs_v3__rosidl_typesupport_fastrtps_c.dir/rosidl_typesupport_fastrtps_c/dobot_msgs_v3/srv/detail/set_coils__type_support_c.cpp.o[0m
[55.809s] [ 79%] [32mBuilding CXX object CMakeFiles/dobot_msgs_v3__rosidl_typesupport_fastrtps_c.dir/rosidl_typesupport_fastrtps_c/dobot_msgs_v3/srv/detail/set_arm_orientation__type_support_c.cpp.o[0m
[55.889s] [ 79%] [32mBuilding CXX object CMakeFiles/dobot_msgs_v3__rosidl_typesupport_fastrtps_c.dir/rosidl_typesupport_fastrtps_c/dobot_msgs_v3/srv/detail/set_collision_level__type_support_c.cpp.o[0m
[56.095s] [ 80%] [32mBuilding CXX object CMakeFiles/dobot_msgs_v3__rosidl_typesupport_fastrtps_c.dir/rosidl_typesupport_fastrtps_c/dobot_msgs_v3/srv/detail/set_hold_regs__type_support_c.cpp.o[0m
[56.141s] [ 81%] [32mBuilding CXX object CMakeFiles/dobot_msgs_v3__rosidl_typesupport_fastrtps_cpp.dir/rosidl_typesupport_fastrtps_cpp/dobot_msgs_v3/srv/detail/dds_fastrtps/servo_j__type_support.cpp.o[0m
[56.205s] [ 81%] [32mBuilding CXX object CMakeFiles/dobot_msgs_v3__rosidl_typesupport_fastrtps_c.dir/rosidl_typesupport_fastrtps_c/dobot_msgs_v3/srv/detail/set_obstacle_avoid__type_support_c.cpp.o[0m
[56.496s] [ 81%] [32mBuilding CXX object CMakeFiles/dobot_msgs_v3__rosidl_typesupport_fastrtps_cpp.dir/rosidl_typesupport_fastrtps_cpp/dobot_msgs_v3/srv/detail/dds_fastrtps/set_arm_orientation__type_support.cpp.o[0m
[56.497s] [ 81%] [32mBuilding CXX object CMakeFiles/dobot_msgs_v3__rosidl_typesupport_fastrtps_c.dir/rosidl_typesupport_fastrtps_c/dobot_msgs_v3/srv/detail/set_payload__type_support_c.cpp.o[0m
[56.569s] [ 81%] [32mBuilding CXX object CMakeFiles/dobot_msgs_v3__rosidl_typesupport_fastrtps_cpp.dir/rosidl_typesupport_fastrtps_cpp/dobot_msgs_v3/srv/detail/dds_fastrtps/set_coils__type_support.cpp.o[0m
[56.572s] [ 81%] [32mBuilding CXX object CMakeFiles/dobot_msgs_v3__rosidl_typesupport_fastrtps_c.dir/rosidl_typesupport_fastrtps_c/dobot_msgs_v3/srv/detail/set_safe_skin__type_support_c.cpp.o[0m
[56.692s] [ 81%] [32mBuilding CXX object CMakeFiles/dobot_msgs_v3__rosidl_typesupport_fastrtps_cpp.dir/rosidl_typesupport_fastrtps_cpp/dobot_msgs_v3/srv/detail/dds_fastrtps/set_collision_level__type_support.cpp.o[0m
[56.696s] [ 81%] [32mBuilding CXX object CMakeFiles/dobot_msgs_v3__rosidl_typesupport_fastrtps_c.dir/rosidl_typesupport_fastrtps_c/dobot_msgs_v3/srv/detail/speed_factor__type_support_c.cpp.o[0m
[56.772s] [ 81%] [32mBuilding CXX object CMakeFiles/dobot_msgs_v3__rosidl_typesupport_fastrtps_cpp.dir/rosidl_typesupport_fastrtps_cpp/dobot_msgs_v3/srv/detail/dds_fastrtps/servo_p__type_support.cpp.o[0m
[56.772s] [ 81%] [32mBuilding CXX object CMakeFiles/dobot_msgs_v3__rosidl_typesupport_fastrtps_c.dir/rosidl_typesupport_fastrtps_c/dobot_msgs_v3/srv/detail/speed_j__type_support_c.cpp.o[0m
[56.918s] [ 82%] [32mBuilding CXX object CMakeFiles/dobot_msgs_v3__rosidl_typesupport_fastrtps_c.dir/rosidl_typesupport_fastrtps_c/dobot_msgs_v3/srv/detail/speed_l__type_support_c.cpp.o[0m
[57.104s] [ 82%] [32mBuilding CXX object CMakeFiles/dobot_msgs_v3__rosidl_typesupport_fastrtps_c.dir/rosidl_typesupport_fastrtps_c/dobot_msgs_v3/srv/detail/start_drag__type_support_c.cpp.o[0m
[57.212s] [ 82%] [32mBuilding CXX object CMakeFiles/dobot_msgs_v3__rosidl_typesupport_fastrtps_c.dir/rosidl_typesupport_fastrtps_c/dobot_msgs_v3/srv/detail/start_fc_trace__type_support_c.cpp.o[0m
[57.288s] [ 83%] [32mBuilding CXX object CMakeFiles/dobot_msgs_v3__rosidl_typesupport_fastrtps_cpp.dir/rosidl_typesupport_fastrtps_cpp/dobot_msgs_v3/srv/detail/dds_fastrtps/pause_script__type_support.cpp.o[0m
[57.388s] [ 83%] [32mBuilding CXX object CMakeFiles/dobot_msgs_v3__rosidl_typesupport_fastrtps_cpp.dir/rosidl_typesupport_fastrtps_cpp/dobot_msgs_v3/srv/detail/dds_fastrtps/mov_j_ext__type_support.cpp.o[0m
[57.432s] [ 83%] [32mBuilding CXX object CMakeFiles/dobot_msgs_v3__rosidl_typesupport_fastrtps_c.dir/rosidl_typesupport_fastrtps_c/dobot_msgs_v3/srv/detail/start_trace__type_support_c.cpp.o[0m
[57.448s] [ 83%] [32mBuilding CXX object CMakeFiles/dobot_msgs_v3__rosidl_typesupport_fastrtps_cpp.dir/rosidl_typesupport_fastrtps_cpp/dobot_msgs_v3/srv/detail/dds_fastrtps/set_hold_regs__type_support.cpp.o[0m
[57.469s] [ 83%] [32mBuilding CXX object CMakeFiles/dobot_msgs_v3__rosidl_typesupport_fastrtps_c.dir/rosidl_typesupport_fastrtps_c/dobot_msgs_v3/srv/detail/stop_drag__type_support_c.cpp.o[0m
[57.521s] [ 83%] [32mBuilding CXX object CMakeFiles/dobot_msgs_v3__rosidl_typesupport_fastrtps_cpp.dir/rosidl_typesupport_fastrtps_cpp/dobot_msgs_v3/srv/detail/dds_fastrtps/set_obstacle_avoid__type_support.cpp.o[0m
[57.654s] [ 83%] [32mBuilding CXX object CMakeFiles/dobot_msgs_v3__rosidl_typesupport_fastrtps_c.dir/rosidl_typesupport_fastrtps_c/dobot_msgs_v3/srv/detail/stopmove_jog__type_support_c.cpp.o[0m
[57.758s] [ 83%] [32mBuilding CXX object CMakeFiles/dobot_msgs_v3__rosidl_typesupport_fastrtps_c.dir/rosidl_typesupport_fastrtps_c/dobot_msgs_v3/srv/detail/start_path__type_support_c.cpp.o[0m
[57.767s] [ 83%] [32mBuilding CXX object CMakeFiles/dobot_msgs_v3__rosidl_typesupport_fastrtps_cpp.dir/rosidl_typesupport_fastrtps_cpp/dobot_msgs_v3/srv/detail/dds_fastrtps/set_safe_skin__type_support.cpp.o[0m
[58.079s] [ 83%] [32mBuilding CXX object CMakeFiles/dobot_msgs_v3__rosidl_typesupport_fastrtps_cpp.dir/rosidl_typesupport_fastrtps_cpp/dobot_msgs_v3/srv/detail/dds_fastrtps/speed_factor__type_support.cpp.o[0m
[58.080s] [ 84%] [32mBuilding CXX object CMakeFiles/dobot_msgs_v3__rosidl_typesupport_fastrtps_c.dir/rosidl_typesupport_fastrtps_c/dobot_msgs_v3/srv/detail/stop_script__type_support_c.cpp.o[0m
[58.291s] [ 84%] [32mBuilding CXX object CMakeFiles/dobot_msgs_v3__rosidl_typesupport_fastrtps_c.dir/rosidl_typesupport_fastrtps_c/dobot_msgs_v3/srv/detail/sync__type_support_c.cpp.o[0m
[58.295s] [ 84%] [32mBuilding CXX object CMakeFiles/dobot_msgs_v3__rosidl_typesupport_fastrtps_cpp.dir/rosidl_typesupport_fastrtps_cpp/dobot_msgs_v3/srv/detail/dds_fastrtps/speed_l__type_support.cpp.o[0m
[58.315s] [ 84%] [32mBuilding CXX object CMakeFiles/dobot_msgs_v3__rosidl_typesupport_fastrtps_c.dir/rosidl_typesupport_fastrtps_c/dobot_msgs_v3/srv/detail/sync_all__type_support_c.cpp.o[0m
[58.326s] [ 84%] [32mBuilding CXX object CMakeFiles/dobot_msgs_v3__rosidl_typesupport_fastrtps_c.dir/rosidl_typesupport_fastrtps_c/dobot_msgs_v3/srv/detail/tool__type_support_c.cpp.o[0m
[58.345s] [ 84%] [32mBuilding CXX object CMakeFiles/dobot_msgs_v3__rosidl_typesupport_fastrtps_cpp.dir/rosidl_typesupport_fastrtps_cpp/dobot_msgs_v3/srv/detail/dds_fastrtps/speed_j__type_support.cpp.o[0m
[58.480s] [ 84%] [32mBuilding CXX object CMakeFiles/dobot_msgs_v3__rosidl_typesupport_fastrtps_c.dir/rosidl_typesupport_fastrtps_c/dobot_msgs_v3/srv/detail/tool_di__type_support_c.cpp.o[0m
[58.485s] [ 84%] [32mBuilding CXX object CMakeFiles/dobot_msgs_v3__rosidl_typesupport_fastrtps_cpp.dir/rosidl_typesupport_fastrtps_cpp/dobot_msgs_v3/srv/detail/dds_fastrtps/start_drag__type_support.cpp.o[0m
[58.659s] [ 85%] [32mBuilding CXX object CMakeFiles/dobot_msgs_v3__rosidl_typesupport_fastrtps_cpp.dir/rosidl_typesupport_fastrtps_cpp/dobot_msgs_v3/srv/detail/dds_fastrtps/set_payload__type_support.cpp.o[0m
[59.181s] [ 85%] [32mBuilding CXX object CMakeFiles/dobot_msgs_v3__rosidl_typesupport_fastrtps_c.dir/rosidl_typesupport_fastrtps_c/dobot_msgs_v3/srv/detail/tool_do__type_support_c.cpp.o[0m
[59.477s] [ 86%] [32mBuilding CXX object CMakeFiles/dobot_msgs_v3__rosidl_typesupport_fastrtps_cpp.dir/rosidl_typesupport_fastrtps_cpp/dobot_msgs_v3/srv/detail/dds_fastrtps/tool__type_support.cpp.o[0m
[59.588s] [ 86%] [32mBuilding CXX object CMakeFiles/dobot_msgs_v3__rosidl_typesupport_fastrtps_c.dir/rosidl_typesupport_fastrtps_c/dobot_msgs_v3/srv/detail/tool_do_execute__type_support_c.cpp.o[0m
[59.967s] [ 86%] [32mBuilding CXX object CMakeFiles/dobot_msgs_v3__rosidl_typesupport_fastrtps_cpp.dir/rosidl_typesupport_fastrtps_cpp/dobot_msgs_v3/srv/detail/dds_fastrtps/tool_di__type_support.cpp.o[0m
[60.152s] [ 87%] [32mBuilding CXX object CMakeFiles/dobot_msgs_v3__rosidl_typesupport_fastrtps_c.dir/rosidl_typesupport_fastrtps_c/dobot_msgs_v3/srv/detail/user__type_support_c.cpp.o[0m
[60.400s] [ 87%] [32mBuilding CXX object CMakeFiles/dobot_msgs_v3__rosidl_typesupport_fastrtps_cpp.dir/rosidl_typesupport_fastrtps_cpp/dobot_msgs_v3/srv/detail/dds_fastrtps/tool_do__type_support.cpp.o[0m
[60.498s] [ 87%] [32mBuilding CXX object CMakeFiles/dobot_msgs_v3__rosidl_typesupport_fastrtps_c.dir/rosidl_typesupport_fastrtps_c/dobot_msgs_v3/srv/detail/wait__type_support_c.cpp.o[0m
[60.821s] [ 87%] [32mBuilding CXX object CMakeFiles/dobot_msgs_v3__rosidl_typesupport_fastrtps_cpp.dir/rosidl_typesupport_fastrtps_cpp/dobot_msgs_v3/srv/detail/dds_fastrtps/tool_do_execute__type_support.cpp.o[0m
[60.856s] [ 87%] [32m[1mLinking CXX shared library libdobot_msgs_v3__rosidl_typesupport_fastrtps_c.so[0m
[60.948s] [ 87%] Built target dobot_msgs_v3__rosidl_typesupport_fastrtps_c
[61.123s] [ 87%] [32mBuilding CXX object CMakeFiles/dobot_msgs_v3__rosidl_typesupport_fastrtps_cpp.dir/rosidl_typesupport_fastrtps_cpp/dobot_msgs_v3/srv/detail/dds_fastrtps/wait__type_support.cpp.o[0m
[61.393s] [ 87%] [32mBuilding CXX object CMakeFiles/dobot_msgs_v3__rosidl_typesupport_fastrtps_cpp.dir/rosidl_typesupport_fastrtps_cpp/dobot_msgs_v3/srv/detail/dds_fastrtps/user__type_support.cpp.o[0m
[61.664s] [ 87%] [32mBuilding CXX object CMakeFiles/dobot_msgs_v3__rosidl_typesupport_fastrtps_cpp.dir/rosidl_typesupport_fastrtps_cpp/dobot_msgs_v3/srv/detail/dds_fastrtps/sync_all__type_support.cpp.o[0m
[62.019s] [ 87%] [32mBuilding CXX object CMakeFiles/dobot_msgs_v3__rosidl_typesupport_fastrtps_cpp.dir/rosidl_typesupport_fastrtps_cpp/dobot_msgs_v3/srv/detail/dds_fastrtps/sync__type_support.cpp.o[0m
[62.383s] [ 87%] [32mBuilding CXX object CMakeFiles/dobot_msgs_v3__rosidl_typesupport_fastrtps_cpp.dir/rosidl_typesupport_fastrtps_cpp/dobot_msgs_v3/srv/detail/dds_fastrtps/stop_script__type_support.cpp.o[0m
[62.670s] [ 87%] [32mBuilding CXX object CMakeFiles/dobot_msgs_v3__rosidl_typesupport_fastrtps_cpp.dir/rosidl_typesupport_fastrtps_cpp/dobot_msgs_v3/srv/detail/dds_fastrtps/stopmove_jog__type_support.cpp.o[0m
[63.016s] [ 87%] [32mBuilding CXX object CMakeFiles/dobot_msgs_v3__rosidl_typesupport_fastrtps_cpp.dir/rosidl_typesupport_fastrtps_cpp/dobot_msgs_v3/srv/detail/dds_fastrtps/stop_drag__type_support.cpp.o[0m
[63.330s] [ 87%] [32mBuilding CXX object CMakeFiles/dobot_msgs_v3__rosidl_typesupport_fastrtps_cpp.dir/rosidl_typesupport_fastrtps_cpp/dobot_msgs_v3/srv/detail/dds_fastrtps/start_trace__type_support.cpp.o[0m
[63.617s] [ 88%] [32mBuilding CXX object CMakeFiles/dobot_msgs_v3__rosidl_typesupport_fastrtps_cpp.dir/rosidl_typesupport_fastrtps_cpp/dobot_msgs_v3/srv/detail/dds_fastrtps/start_path__type_support.cpp.o[0m
[63.887s] [ 88%] [32mBuilding CXX object CMakeFiles/dobot_msgs_v3__rosidl_typesupport_fastrtps_cpp.dir/rosidl_typesupport_fastrtps_cpp/dobot_msgs_v3/srv/detail/dds_fastrtps/start_fc_trace__type_support.cpp.o[0m
[63.890s] [ 88%] [32mBuilding CXX object CMakeFiles/dobot_msgs_v3__rosidl_typesupport_fastrtps_cpp.dir/rosidl_typesupport_fastrtps_cpp/dobot_msgs_v3/srv/detail/dds_fastrtps/mov_j__type_support.cpp.o[0m
[64.301s] [ 88%] [32m[1mLinking CXX shared library libdobot_msgs_v3__rosidl_typesupport_fastrtps_cpp.so[0m
[64.411s] [ 88%] Built target dobot_msgs_v3__rosidl_typesupport_fastrtps_cpp
[64.437s] [ 88%] Built target dobot_msgs_v3
[64.468s] [ 88%] [34m[1mGenerating Python code for ROS interfaces[0m
[73.572s] [ 88%] Built target dobot_msgs_v3__py
[73.616s] [35m[1mConsolidate compiler generated dependencies of target dobot_msgs_v3__rosidl_generator_py[0m
[73.711s] [ 88%] [32mBuilding C object CMakeFiles/dobot_msgs_v3__rosidl_generator_py.dir/rosidl_generator_py/dobot_msgs_v3/srv/_ao_s.c.o[0m
[73.713s] [ 88%] [32mBuilding C object CMakeFiles/dobot_msgs_v3__rosidl_generator_py.dir/rosidl_generator_py/dobot_msgs_v3/msg/_tool_vector_actual_s.c.o[0m
[73.713s] [ 88%] [32mBuilding C object CMakeFiles/dobot_msgs_v3__rosidl_generator_py.dir/rosidl_generator_py/dobot_msgs_v3/srv/_acc_l_s.c.o[0m
[73.713s] [ 88%] [32mBuilding C object CMakeFiles/dobot_msgs_v3__rosidl_generator_py.dir/rosidl_generator_py/dobot_msgs_v3/msg/_robot_status_s.c.o[0m
[73.715s] [ 89%] [32mBuilding C object CMakeFiles/dobot_msgs_v3__rosidl_generator_py.dir/rosidl_generator_py/dobot_msgs_v3/srv/_acc_j_s.c.o[0m
[73.716s] [ 89%] [32mBuilding C object CMakeFiles/dobot_msgs_v3__rosidl_generator_py.dir/rosidl_generator_py/dobot_msgs_v3/srv/_ao_execute_s.c.o[0m
[73.716s] [ 89%] [32mBuilding C object CMakeFiles/dobot_msgs_v3__rosidl_generator_py.dir/rosidl_generator_py/dobot_msgs_v3/srv/_arc_s.c.o[0m
[73.716s] [ 89%] [32mBuilding C object CMakeFiles/dobot_msgs_v3__rosidl_generator_py.dir/rosidl_generator_py/dobot_msgs_v3/srv/_arch_s.c.o[0m
[73.733s] [ 89%] [32mBuilding C object CMakeFiles/dobot_msgs_v3__rosidl_generator_py.dir/rosidl_generator_py/dobot_msgs_v3/srv/_continues_s.c.o[0m
[73.734s] [ 89%] [32mBuilding C object CMakeFiles/dobot_msgs_v3__rosidl_generator_py.dir/rosidl_generator_py/dobot_msgs_v3/srv/_clear_error_s.c.o[0m
[73.742s] [ 90%] [32mBuilding C object CMakeFiles/dobot_msgs_v3__rosidl_generator_py.dir/rosidl_generator_py/dobot_msgs_v3/srv/_circle_s.c.o[0m
[73.742s] [ 90%] [32mBuilding C object CMakeFiles/dobot_msgs_v3__rosidl_generator_py.dir/rosidl_generator_py/dobot_msgs_v3/srv/_brake_control_s.c.o[0m
[73.883s] [ 90%] [32mBuilding C object CMakeFiles/dobot_msgs_v3__rosidl_generator_py.dir/rosidl_generator_py/dobot_msgs_v3/srv/_continue_script_s.c.o[0m
[73.935s] [ 90%] [32mBuilding C object CMakeFiles/dobot_msgs_v3__rosidl_generator_py.dir/rosidl_generator_py/dobot_msgs_v3/srv/_di_s.c.o[0m
[73.938s] [ 90%] [32mBuilding C object CMakeFiles/dobot_msgs_v3__rosidl_generator_py.dir/rosidl_generator_py/dobot_msgs_v3/srv/_cp_s.c.o[0m
[73.964s] [ 91%] [32mBuilding C object CMakeFiles/dobot_msgs_v3__rosidl_generator_py.dir/rosidl_generator_py/dobot_msgs_v3/srv/_disable_robot_s.c.o[0m
[73.983s] [ 91%] [32mBuilding C object CMakeFiles/dobot_msgs_v3__rosidl_generator_py.dir/rosidl_generator_py/dobot_msgs_v3/srv/_digital_outputs_s.c.o[0m
[73.992s] [ 91%] [32mBuilding C object CMakeFiles/dobot_msgs_v3__rosidl_generator_py.dir/rosidl_generator_py/dobot_msgs_v3/srv/_do_s.c.o[0m
[74.003s] [ 91%] [32mBuilding C object CMakeFiles/dobot_msgs_v3__rosidl_generator_py.dir/rosidl_generator_py/dobot_msgs_v3/srv/_do_execute_s.c.o[0m
[74.006s] [ 91%] [32mBuilding C object CMakeFiles/dobot_msgs_v3__rosidl_generator_py.dir/rosidl_generator_py/dobot_msgs_v3/srv/_do_group_s.c.o[0m
[74.047s] [ 91%] [32mBuilding C object CMakeFiles/dobot_msgs_v3__rosidl_generator_py.dir/rosidl_generator_py/dobot_msgs_v3/srv/_emergency_stop_s.c.o[0m
[74.055s] [ 91%] [32mBuilding C object CMakeFiles/dobot_msgs_v3__rosidl_generator_py.dir/rosidl_generator_py/dobot_msgs_v3/srv/_enable_robot_s.c.o[0m
[74.070s] [ 92%] [32mBuilding C object CMakeFiles/dobot_msgs_v3__rosidl_generator_py.dir/rosidl_generator_py/dobot_msgs_v3/srv/_get_coils_s.c.o[0m
[74.073s] [ 92%] [32mBuilding C object CMakeFiles/dobot_msgs_v3__rosidl_generator_py.dir/rosidl_generator_py/dobot_msgs_v3/srv/_get_angle_s.c.o[0m
[74.153s] [ 92%] [32mBuilding C object CMakeFiles/dobot_msgs_v3__rosidl_generator_py.dir/rosidl_generator_py/dobot_msgs_v3/srv/_get_error_id_s.c.o[0m
[74.167s] [ 92%] [32mBuilding C object CMakeFiles/dobot_msgs_v3__rosidl_generator_py.dir/rosidl_generator_py/dobot_msgs_v3/srv/_get_hold_regs_s.c.o[0m
[74.215s] [ 92%] [32mBuilding C object CMakeFiles/dobot_msgs_v3__rosidl_generator_py.dir/rosidl_generator_py/dobot_msgs_v3/srv/_get_in_bits_s.c.o[0m
[74.219s] [ 92%] [32mBuilding C object CMakeFiles/dobot_msgs_v3__rosidl_generator_py.dir/rosidl_generator_py/dobot_msgs_v3/srv/_get_in_regs_s.c.o[0m
[74.228s] [ 92%] [32mBuilding C object CMakeFiles/dobot_msgs_v3__rosidl_generator_py.dir/rosidl_generator_py/dobot_msgs_v3/srv/_get_pose_s.c.o[0m
[74.252s] [ 92%] [32mBuilding C object CMakeFiles/dobot_msgs_v3__rosidl_generator_py.dir/rosidl_generator_py/dobot_msgs_v3/srv/_inverse_solution_s.c.o[0m
[74.318s] [ 92%] [32mBuilding C object CMakeFiles/dobot_msgs_v3__rosidl_generator_py.dir/rosidl_generator_py/dobot_msgs_v3/srv/_lim_z_s.c.o[0m
[74.328s] [ 92%] [32mBuilding C object CMakeFiles/dobot_msgs_v3__rosidl_generator_py.dir/rosidl_generator_py/dobot_msgs_v3/srv/_jump_s.c.o[0m
[74.329s] [ 93%] [32mBuilding C object CMakeFiles/dobot_msgs_v3__rosidl_generator_py.dir/rosidl_generator_py/dobot_msgs_v3/srv/_joint_mov_j_s.c.o[0m
[74.348s] [ 93%] [32mBuilding C object CMakeFiles/dobot_msgs_v3__rosidl_generator_py.dir/rosidl_generator_py/dobot_msgs_v3/srv/_load_switch_s.c.o[0m
[74.375s] [ 93%] [32mBuilding C object CMakeFiles/dobot_msgs_v3__rosidl_generator_py.dir/rosidl_generator_py/dobot_msgs_v3/srv/_modbus_close_s.c.o[0m
[74.393s] [ 93%] [32mBuilding C object CMakeFiles/dobot_msgs_v3__rosidl_generator_py.dir/rosidl_generator_py/dobot_msgs_v3/srv/_modbus_create_s.c.o[0m
[74.469s] [ 93%] [32mBuilding C object CMakeFiles/dobot_msgs_v3__rosidl_generator_py.dir/rosidl_generator_py/dobot_msgs_v3/srv/_move_jog_s.c.o[0m
[74.538s] [ 94%] [32mBuilding C object CMakeFiles/dobot_msgs_v3__rosidl_generator_py.dir/rosidl_generator_py/dobot_msgs_v3/srv/_mov_j_s.c.o[0m
[74.553s] [ 94%] [32mBuilding C object CMakeFiles/dobot_msgs_v3__rosidl_generator_py.dir/rosidl_generator_py/dobot_msgs_v3/srv/_mov_j_ext_s.c.o[0m
[74.554s] [ 94%] [32mBuilding C object CMakeFiles/dobot_msgs_v3__rosidl_generator_py.dir/rosidl_generator_py/dobot_msgs_v3/srv/_mov_jio_s.c.o[0m
[74.584s] [ 94%] [32mBuilding C object CMakeFiles/dobot_msgs_v3__rosidl_generator_py.dir/rosidl_generator_py/dobot_msgs_v3/srv/_mov_l_s.c.o[0m
[74.591s] [ 94%] [32mBuilding C object CMakeFiles/dobot_msgs_v3__rosidl_generator_py.dir/rosidl_generator_py/dobot_msgs_v3/srv/_mov_lio_s.c.o[0m
[74.620s] [ 94%] [32mBuilding C object CMakeFiles/dobot_msgs_v3__rosidl_generator_py.dir/rosidl_generator_py/dobot_msgs_v3/srv/_pause_s.c.o[0m
[74.650s] [ 95%] [32mBuilding C object CMakeFiles/dobot_msgs_v3__rosidl_generator_py.dir/rosidl_generator_py/dobot_msgs_v3/srv/_pay_load_s.c.o[0m
[74.651s] [ 95%] [32mBuilding C object CMakeFiles/dobot_msgs_v3__rosidl_generator_py.dir/rosidl_generator_py/dobot_msgs_v3/srv/_pause_script_s.c.o[0m
[74.680s] [ 95%] [32mBuilding C object CMakeFiles/dobot_msgs_v3__rosidl_generator_py.dir/rosidl_generator_py/dobot_msgs_v3/srv/_positive_solution_s.c.o[0m
[74.688s] [ 95%] [32mBuilding C object CMakeFiles/dobot_msgs_v3__rosidl_generator_py.dir/rosidl_generator_py/dobot_msgs_v3/srv/_power_on_s.c.o[0m
[74.727s] [ 95%] [32mBuilding C object CMakeFiles/dobot_msgs_v3__rosidl_generator_py.dir/rosidl_generator_py/dobot_msgs_v3/srv/_rel_joint_mov_j_s.c.o[0m
[74.786s] [ 95%] [32mBuilding C object CMakeFiles/dobot_msgs_v3__rosidl_generator_py.dir/rosidl_generator_py/dobot_msgs_v3/srv/_rel_mov_j_s.c.o[0m
[74.855s] [ 95%] [32mBuilding C object CMakeFiles/dobot_msgs_v3__rosidl_generator_py.dir/rosidl_generator_py/dobot_msgs_v3/srv/_rel_mov_j_user_s.c.o[0m
[74.873s] [ 96%] [32mBuilding C object CMakeFiles/dobot_msgs_v3__rosidl_generator_py.dir/rosidl_generator_py/dobot_msgs_v3/srv/_rel_mov_j_tool_s.c.o[0m
[74.910s] [ 96%] [32mBuilding C object CMakeFiles/dobot_msgs_v3__rosidl_generator_py.dir/rosidl_generator_py/dobot_msgs_v3/srv/_rel_mov_l_s.c.o[0m
[74.920s] [ 96%] [32mBuilding C object CMakeFiles/dobot_msgs_v3__rosidl_generator_py.dir/rosidl_generator_py/dobot_msgs_v3/srv/_rel_mov_l_user_s.c.o[0m
[74.932s] [ 96%] [32mBuilding C object CMakeFiles/dobot_msgs_v3__rosidl_generator_py.dir/rosidl_generator_py/dobot_msgs_v3/srv/_rel_mov_l_tool_s.c.o[0m
[74.969s] [ 96%] [32mBuilding C object CMakeFiles/dobot_msgs_v3__rosidl_generator_py.dir/rosidl_generator_py/dobot_msgs_v3/srv/_reset_robot_s.c.o[0m
[74.975s] [ 96%] [32mBuilding C object CMakeFiles/dobot_msgs_v3__rosidl_generator_py.dir/rosidl_generator_py/dobot_msgs_v3/srv/_robot_mode_s.c.o[0m
[74.991s] [ 97%] [32mBuilding C object CMakeFiles/dobot_msgs_v3__rosidl_generator_py.dir/rosidl_generator_py/dobot_msgs_v3/srv/_servo_j_s.c.o[0m
[74.996s] [ 97%] [32mBuilding C object CMakeFiles/dobot_msgs_v3__rosidl_generator_py.dir/rosidl_generator_py/dobot_msgs_v3/srv/_run_script_s.c.o[0m
[75.025s] [ 97%] [32mBuilding C object CMakeFiles/dobot_msgs_v3__rosidl_generator_py.dir/rosidl_generator_py/dobot_msgs_v3/srv/_set_arm_orientation_s.c.o[0m
[75.042s] [ 97%] [32mBuilding C object CMakeFiles/dobot_msgs_v3__rosidl_generator_py.dir/rosidl_generator_py/dobot_msgs_v3/srv/_servo_p_s.c.o[0m
[75.145s] [ 97%] [32mBuilding C object CMakeFiles/dobot_msgs_v3__rosidl_generator_py.dir/rosidl_generator_py/dobot_msgs_v3/srv/_set_coils_s.c.o[0m
[75.161s] [ 97%] [32mBuilding C object CMakeFiles/dobot_msgs_v3__rosidl_generator_py.dir/rosidl_generator_py/dobot_msgs_v3/srv/_set_collision_level_s.c.o[0m
[75.237s] [ 97%] [32mBuilding C object CMakeFiles/dobot_msgs_v3__rosidl_generator_py.dir/rosidl_generator_py/dobot_msgs_v3/srv/_set_hold_regs_s.c.o[0m
[75.251s] [ 97%] [32mBuilding C object CMakeFiles/dobot_msgs_v3__rosidl_generator_py.dir/rosidl_generator_py/dobot_msgs_v3/srv/_set_obstacle_avoid_s.c.o[0m
[75.258s] [ 98%] [32mBuilding C object CMakeFiles/dobot_msgs_v3__rosidl_generator_py.dir/rosidl_generator_py/dobot_msgs_v3/srv/_set_payload_s.c.o[0m
[75.276s] [ 98%] [32mBuilding C object CMakeFiles/dobot_msgs_v3__rosidl_generator_py.dir/rosidl_generator_py/dobot_msgs_v3/srv/_set_safe_skin_s.c.o[0m
[75.289s] [ 98%] [32mBuilding C object CMakeFiles/dobot_msgs_v3__rosidl_generator_py.dir/rosidl_generator_py/dobot_msgs_v3/srv/_speed_factor_s.c.o[0m
[75.344s] [ 98%] [32mBuilding C object CMakeFiles/dobot_msgs_v3__rosidl_generator_py.dir/rosidl_generator_py/dobot_msgs_v3/srv/_speed_j_s.c.o[0m
[75.366s] [ 98%] [32mBuilding C object CMakeFiles/dobot_msgs_v3__rosidl_generator_py.dir/rosidl_generator_py/dobot_msgs_v3/srv/_start_fc_trace_s.c.o[0m
[75.371s] [ 98%] [32mBuilding C object CMakeFiles/dobot_msgs_v3__rosidl_generator_py.dir/rosidl_generator_py/dobot_msgs_v3/srv/_speed_l_s.c.o[0m
[75.372s] [ 98%] [32mBuilding C object CMakeFiles/dobot_msgs_v3__rosidl_generator_py.dir/rosidl_generator_py/dobot_msgs_v3/srv/_start_drag_s.c.o[0m
[75.383s] [ 99%] [32mBuilding C object CMakeFiles/dobot_msgs_v3__rosidl_generator_py.dir/rosidl_generator_py/dobot_msgs_v3/srv/_start_path_s.c.o[0m
[75.499s] [ 99%] [32mBuilding C object CMakeFiles/dobot_msgs_v3__rosidl_generator_py.dir/rosidl_generator_py/dobot_msgs_v3/srv/_start_trace_s.c.o[0m
[75.503s] [ 99%] [32mBuilding C object CMakeFiles/dobot_msgs_v3__rosidl_generator_py.dir/rosidl_generator_py/dobot_msgs_v3/srv/_stop_drag_s.c.o[0m
[75.552s] [ 99%] [32mBuilding C object CMakeFiles/dobot_msgs_v3__rosidl_generator_py.dir/rosidl_generator_py/dobot_msgs_v3/srv/_stopmove_jog_s.c.o[0m
[75.563s] [ 99%] [32mBuilding C object CMakeFiles/dobot_msgs_v3__rosidl_generator_py.dir/rosidl_generator_py/dobot_msgs_v3/srv/_stop_script_s.c.o[0m
[75.654s] [ 99%] [32mBuilding C object CMakeFiles/dobot_msgs_v3__rosidl_generator_py.dir/rosidl_generator_py/dobot_msgs_v3/srv/_sync_s.c.o[0m
[75.691s] [ 99%] [32mBuilding C object CMakeFiles/dobot_msgs_v3__rosidl_generator_py.dir/rosidl_generator_py/dobot_msgs_v3/srv/_sync_all_s.c.o[0m
[75.700s] [ 99%] [32mBuilding C object CMakeFiles/dobot_msgs_v3__rosidl_generator_py.dir/rosidl_generator_py/dobot_msgs_v3/srv/_tool_di_s.c.o[0m
[75.711s] [100%] [32mBuilding C object CMakeFiles/dobot_msgs_v3__rosidl_generator_py.dir/rosidl_generator_py/dobot_msgs_v3/srv/_tool_s.c.o[0m
[75.736s] [100%] [32mBuilding C object CMakeFiles/dobot_msgs_v3__rosidl_generator_py.dir/rosidl_generator_py/dobot_msgs_v3/srv/_tool_do_execute_s.c.o[0m
[75.738s] [100%] [32mBuilding C object CMakeFiles/dobot_msgs_v3__rosidl_generator_py.dir/rosidl_generator_py/dobot_msgs_v3/srv/_tool_do_s.c.o[0m
[75.765s] [100%] [32mBuilding C object CMakeFiles/dobot_msgs_v3__rosidl_generator_py.dir/rosidl_generator_py/dobot_msgs_v3/srv/_user_s.c.o[0m
[75.794s] [100%] [32mBuilding C object CMakeFiles/dobot_msgs_v3__rosidl_generator_py.dir/rosidl_generator_py/dobot_msgs_v3/srv/_wait_s.c.o[0m
[76.022s] [100%] [32m[1mLinking C shared library rosidl_generator_py/dobot_msgs_v3/libdobot_msgs_v3__rosidl_generator_py.so[0m
[76.100s] [100%] Built target dobot_msgs_v3__rosidl_generator_py
[76.117s] [35m[1mConsolidate compiler generated dependencies of target dobot_msgs_v3__rosidl_typesupport_fastrtps_c__pyext[0m
[76.118s] [35m[1mConsolidate compiler generated dependencies of target dobot_msgs_v3__rosidl_typesupport_introspection_c__pyext[0m
[76.118s] [35m[1mConsolidate compiler generated dependencies of target dobot_msgs_v3__rosidl_typesupport_c__pyext[0m
[76.139s] [100%] [32mBuilding C object CMakeFiles/dobot_msgs_v3__rosidl_typesupport_c__pyext.dir/rosidl_generator_py/dobot_msgs_v3/_dobot_msgs_v3_s.ep.rosidl_typesupport_c.c.o[0m
[76.139s] [100%] [32mBuilding C object CMakeFiles/dobot_msgs_v3__rosidl_typesupport_fastrtps_c__pyext.dir/rosidl_generator_py/dobot_msgs_v3/_dobot_msgs_v3_s.ep.rosidl_typesupport_fastrtps_c.c.o[0m
[76.143s] [100%] [32mBuilding C object CMakeFiles/dobot_msgs_v3__rosidl_typesupport_introspection_c__pyext.dir/rosidl_generator_py/dobot_msgs_v3/_dobot_msgs_v3_s.ep.rosidl_typesupport_introspection_c.c.o[0m
[77.086s] [100%] [32m[1mLinking C shared library rosidl_generator_py/dobot_msgs_v3/dobot_msgs_v3_s__rosidl_typesupport_fastrtps_c.cpython-310-x86_64-linux-gnu.so[0m
[77.117s] [100%] [32m[1mLinking C shared library rosidl_generator_py/dobot_msgs_v3/dobot_msgs_v3_s__rosidl_typesupport_introspection_c.cpython-310-x86_64-linux-gnu.so[0m
[77.119s] [100%] [32m[1mLinking C shared library rosidl_generator_py/dobot_msgs_v3/dobot_msgs_v3_s__rosidl_typesupport_c.cpython-310-x86_64-linux-gnu.so[0m
[77.161s] [100%] Built target dobot_msgs_v3__rosidl_typesupport_fastrtps_c__pyext
[77.167s] [100%] Built target dobot_msgs_v3__rosidl_typesupport_introspection_c__pyext
[77.181s] [100%] Built target dobot_msgs_v3__rosidl_typesupport_c__pyext
